Country,Country,City / Region,Name,System,Operator,Launched,Discontinued
Albania,Albania,Tirana[5],Ecovolis,,,March 2011,Discontinued
Argentina,Argentina,Buenos Aires[6][7],Ecobici,Serttel Brasil[8],Bike In Baires Consortium[9],2010,
Argentina,Argentina,Mendoza[10],Metrobici,,,2014,
Argentina,Argentina,Rosario,Mi Bici Tu Bici[11],,,2 December 2015,
Argentina,Argentina,"San Lorenzo, Santa Fe",Biciudad,Biciudad,,27 November 2016,
Australia,Australia,Melbourne[12],Melbourne Bike Share,PBSC & 8D,Motivate,June 2010,30 November 2019[13]
Australia,Australia,Melbourne[12],oBike,4 Gen. oBike,,July 2017,July 2018
Australia,Australia,Brisbane[14][15],CityCycle,3 Gen. Cyclocity,JCDecaux,September 2010,July 2021[16]
Australia,Australia,Sydney,Reddy Go,Reddy Go,,July 2017,
Australia,Australia,Sydney,oBike,4 Gen. oBike,,July 2017,July 2018
Australia,Australia,Sydney,Ofo,4 Gen. Ofo,,October 2017,Discontinued
Austria,Austria,Burgenland,nextbike[17],3 Gen. nextbike,,2009,
Austria,Austria,Innsbruck,nextbike[17],,,,
Austria,Austria,Klagenfurt am Wörthersee,nextbike[17],,,,
Austria,Austria,Kufstein,nextbike[17],,,,
Austria,Austria,Lower Austria[18],nextbike[17],3 Gen. nextbike,,2009,
Austria,Austria,Salzburg,nextbike[17],3 Gen. nextbike,,2011,
Austria,Austria,Vienna,Citybike Wien[19],3 Gen. Cyclocity,"JCDecaux
Gewista",June 2003,
Austria,Austria,Vienna,nextbike[17],,,,
Austria,Austria,Vienna,Viennabike [citation needed],2 Gen.,Association and city council,April 2002,November 2002
Austria,Austria,Vorarlberg,nextbike[citation needed],3 Gen. nextbike,,2009,Discontinued
Bangladesh,Bangladesh,"Dhaka, Chattogram, Sylhet",JoBike,JoBike,,2018,
Belgium,Belgium,Aalst,Dott[20],,,,
Belgium,Belgium,Antwerp,Velo Antwerp[21],3 Gen. Clear CC,Service2Cities (subsidiary of Clear Channel Belgium),9 June 2011,
Belgium,Belgium,Antwerp,Donkey Republic[22],,,,
Belgium,Belgium,Brussels[23],Bolt[24],,,,
Belgium,Belgium,Brussels[23],Dott[20],,,,
Belgium,Belgium,Brussels[23],Villo!,3 Gen. Cyclocity,JCDecaux,19 May 2009 (earlier system since 2006),
Belgium,Belgium,Ghent,Donkey Republic[22],,,,
Belgium,Belgium,Ghent,Dott[20],,,,
Belgium,Belgium,Lille,TIER[25],,,,
Belgium,Belgium,Namur[26],Bolt,,,,
Belgium,Belgium,Namur[26],Libiavelo,3 Gen. Cyclocity,JCDecaux,21 April 2012,
Belgium,Belgium,Various locations[27],dBlue-bike,Blue-bike,Blue-Mobility,1 May 2011,
Belgium,Belgium,Various locations,Donkey Republic[22],,,,
Bosnia and Herzegovina,Bosnia and Herzegovina,Banja Luka,BL bike[17],3 Gen. nextbike,nextbike,3 April 2018,
Bosnia and Herzegovina,Bosnia and Herzegovina,Mostar,nextbike[17],3 Gen. nextbike,,26 March 2023,
Bosnia and Herzegovina,Bosnia and Herzegovina,Sarajevo,nextbike[17],3 Gen. nextbike,,1 June 2016,
Bosnia and Herzegovina,Bosnia and Herzegovina,Tuzla,nextbike,3 Gen. nextbike,,14 July 2017,1 May 2019
Bosnia and Herzegovina,Bosnia and Herzegovina,Zenica,nextbike[17],3 Gen. nextbike,,11 October 2019,
Brazil,Brazil,Belo Horizonte[28],Bikebh,Mobilicidade,,2014,
Brazil,Brazil,Fortaleza,Bicicletar,Mobilicidade,,15 December 2014,
Brazil,Brazil,João Pessoa[29],SAMBA,Mobilicidade,,,
Brazil,Brazil,Niterói[30],Nitbike,Serttel,Niterói city government & Serttel,4 July 2024[31],
Brazil,Brazil,(Pedro de) Toledo[32],Toopedalando,Toopedalando,,2011,
Brazil,Brazil,Rio de Janeiro[33],Bike Rio,tembici,,2011,
Brazil,Brazil,Salvador[34],Bike Salvador,tembici,,2013,
Brazil,Brazil,São Paulo[35],Bikesampa,tembici,,2012,
Brazil,Brazil,Sorocaba[36],Integrabike,tembici,,2012,
Bulgaria,Bulgaria,Burgas,VeloBurgas,Mobilicidade,,2012,
Canada,Canada,Hamilton[37],Hamilton Bike Share,Social Bicycles,,20 March 2015,
Canada,Canada,"Kitchener, Ontario[38][39]",Community Access Bicycles,Community Access Bicycles,,"2011, relaunched 21 August 2013",
Canada,Canada,Montreal[40],BIXI Montréal,PBSC & 8D,,2009,
Canada,Canada,Quebec City[41],àVélo,PBSC,,9 July 2021,
Canada,Canada,Toronto[42],Bike Share Toronto,PBSC,Motivate,2011,
Canada,Canada,Vancouver,Mobi,3 Gen. CycleHop,,20 July 2016,
Canada,Canada,Victoria[43],U-Bicycle,,,September 2017,2020[44]
Chile,Chile,Santiago,Bikesantiago,3 Gen. B-Cycle,,2013,
China,China,Anqiu,Anqiu Public Bicycle,,,December 2013,
China,China,Baoji,Baoji Public Bicycle Service,,,September 2013,
China,China,Beijing,,,,2012,
China,China,Changzhou,Changzhou Public Bicycle,,,,
China,China,Chengdu (Jinniu District)[45],–,Shanghai Forever Bicycle Co.,,June 2010,
China,China,Chengdu (Gaoxin District [zh])[46],–,,,December 2010,
China,China,Foshan,,,,August 2010,
China,China,Fuzhou,Fuzhou Public Bicycle,,,June 2011,
China,China,Guangzhou[47][48],GZ-Public Bicycle,,,June 2010,
China,China,Haikou,,,,April 2013,
China,China,Haining,Haining Public Bicycle,,,October 2012,
China,China,Hangzhou[49][50],Hangzhou Public Bicycle,,,October 2008,
China,China,Heihe,,,,May 2012,
China,China,Heze,,,,April 2014,
China,China,Hohhot,,,,October 2013,
China,China,Huaian[51],Huaian Public Bicycle,,,October 2013,
China,China,Huaibei,Huaibei Public Bicycle,,,April 2014,
China,China,Huangyan,Huangyan Public Bicycle,,,January 2012,
China,China,Huizhou,Guangzhou Huimin,,,April 2012,
China,China,Huzhou,Huzhou Public Bicycle,,,December 2013,
China,China,Jiangyin,,,,November 2008,
China,China,Jiaxing,Jiaxing Public Bicycle,,,December 2011,
China,China,Jinhua,Jinhua Orange Public Bicycle Service,,,October 2013,
China,China,Jiujiang,,,,February 2014,
China,China,Jiyuan,,,,September 2013,
China,China,Kaixian,,,,January 2011,
China,China,Kunshan[52],,Forever Bicycle,,September 2010,
China,China,Lanxi,China,,,July 2014,
China,China,Lanzhou,Lanzhou Public Bicycle,,,June 2014,
China,China,Lhasa,,,,November 2013,
China,China,Linhai,,,,June 2011,
China,China,Lishui,,,,February 2013,
China,China,Luoyang,Luoyang Public Bicycle,,,25 May 2013,
China,China,Maanshan,Maanshan Public Bicycle,,,,
China,China,Nanning,,,,December 2013,
China,China,Nantong[53],Nantong Economic and Technological Development Area Public Bicycle,Forever Publicbike Intelligent Systems,,1 January 2013,
China,China,Ningbo,Ningbo Public Bicycle,,,September 2013,
China,China,Qingzhou,,,,2010,
China,China,Shanghai[54][55][56][57],,Forever Bicycle,,March 2009,
China,China,Shaoxing[58],Shaoxing Public Bicycle,,,15 June 2011,
China,China,Shenzhen / Shekou / Xiaomeisha,Shenzhen City Bicycle Public,Forever Bicycle,,September 2010,
China,China,Suzhou,,,,2010,
China,China,Taiyuan,,,,September 2012,
China,China,"Taizhou, Jiangsu[59]",,,,2014,
China,China,"Taizhou, Jiangsu[59]",China,,,2010,
China,China,Weifang,Weifang Public Bicycle,,,October 2013,
China,China,Wuhu,,,,2012,
China,China,Wuxi,Wuxibike,,,January 2010,
China,China,Xi'an,Xianbicycle,,,April 2011,
China,China,Xuzhou,,,,September 2012,
China,China,Yangzhou,,,,March 2014,
China,China,Yantai,,,,August 2010,
China,China,Yiwu,,,,October 2013,
China,China,Yixing,Yixing Public Bicycle,,,December 2012,
China,China,Yueyang,,,,April 2014,
China,China,Zhangjiagang,Forever Bicycle,Forever Bicycle,,June 2010,
China,China,Zhenjiang[60],Zhenjiang Public Bicycle,,,1 April 2013,
China,China,Zhijin,,,,June 2014,
China,China,Zhongshan,,,,2010,
China,China,Zhuhai,,,,December 2012,
China,China,Zhuzhou,,Foshan Tianzhou,,May 2011,
Colombia,Colombia,Ibagué[61],Ride in Ibagué,5 gen,Infibagué,11 February 2023[62],
Colombia,Colombia,Medellín[63],EnCicla,3 Gen (formally 0 Gen),The Metropolitan Area of Aburra Valley[64],2011,
Croatia,Croatia,Hvar,nextbike[17],,,,
Croatia,Croatia,Dalmacia,nextbike[17],,,,
Croatia,Croatia,Osijek,nextbike[17],,,,
Croatia,Croatia,Split,nextbike[17],,,,
Croatia,Croatia,Various locations[65],nextbike[17],,,,
Croatia,Croatia,Zadar,nextbike[17],,,,
Croatia,Croatia,Zagreb,nextbike[17],3 Gen. nextbike,,May 2013,
Cyprus,Cyprus,Caps St Georges,nextbike[17],,,,
Cyprus,Cyprus,Famagusta,nextbike[17],,,,
Cyprus,Cyprus,Larnaca,nextbike[17],,,,
Cyprus,Cyprus,Limassol,nextbike[17][66],3 Gen. nextbike,,May 2012,
Cyprus,Cyprus,Limassol,Bike in Action,3 Gen. Smoove,,,
Cyprus,Cyprus,Paphos,nextbike[17],,,,
Cyprus,Cyprus,Pissouri[67],e-asyGo.com Cyprus,own pedelecs,,April 2019,
Cyprus,Cyprus,Nicosia[68],EasyBike,EasyBike[69],EasyBike,October 2011,
Cyprus,Cyprus,Nicosia[68],nextbike[17],,,,
Cyprus,Cyprus,Nicosia District,Bike in Action,3 Gen. Smoove,,,
The Czech Republic,The Czech Republic,Brno,nextbike[17],,,,
The Czech Republic,The Czech Republic,Brno,Rekola[70],4 Gen.,,2014[71],
The Czech Republic,The Czech Republic,Brno,Velonet,,Velonet,9 October 2016[72],2020[73]
The Czech Republic,The Czech Republic,České Budějovice,Rekola[70],4 Gen.,,2015[74],
The Czech Republic,The Czech Republic,Frýdek-Místek,nextbike[17],,,,
The Czech Republic,The Czech Republic,Frýdek-Místek,Rekola,4 Gen.,,2018[75],Discontinued[70]
The Czech Republic,The Czech Republic,Hradec Králové,nextbike[17],,,,
The Czech Republic,The Czech Republic,Hradec Králové,Rekola,4 Gen.,,2015[76],2016
The Czech Republic,The Czech Republic,Kladno,nextbike[17],,,,
The Czech Republic,The Czech Republic,Kladno,Rekola,4 Gen.,,2017[77],2017
The Czech Republic,The Czech Republic,Krnov,Rekola[70],,,,
The Czech Republic,The Czech Republic,Liberec,nextbike[17],,,,
The Czech Republic,The Czech Republic,Liberec,Rekola,4 Gen.,,2018[78],Discontinued[70]
The Czech Republic,The Czech Republic,Olomouc,nextbike[17],,,,
The Czech Republic,The Czech Republic,Olomouc,Rekola,4 Gen.,,2014[79],Discontinued[70]
The Czech Republic,The Czech Republic,Ostrava,nextbike[17],3 Gen. nextbike,Nextbike,2019,
The Czech Republic,The Czech Republic,Ostrava,Rekola,4 Gen.,,2018[80],Discontinued[70]
The Czech Republic,The Czech Republic,Pardubice,Rekola,4 Gen.,,2014,2016
The Czech Republic,The Czech Republic,Prague,Bolt[81],,,,
The Czech Republic,The Czech Republic,Prague,Rekola[70],4 Gen.[82],,2013[83],
The Czech Republic,The Czech Republic,Prague,Freebike[84],,HomePort,,
The Czech Republic,The Czech Republic,Prague 4,Velonet,,Velonet,9 October 2016[72],2020[73]
The Czech Republic,The Czech Republic,Prague 7,Ofo,4 Gen. Ofo,Ofo,2017,Discontinued
The Czech Republic,The Czech Republic,Prostějov,Rekola[70],,,,
The Czech Republic,The Czech Republic,Prostějov,nextbike,3 Gen. nextbike,Nextbike,2019,Discontinued[17]
The Czech Republic,The Czech Republic,Teplice,Rekola,4 Gen.,,2017[85],Discontinued[70]
The Czech Republic,The Czech Republic,Various locations,nextbike[17],,,,
The Czech Republic,The Czech Republic,Žďár,Rekola[70],,,,
Denmark,Denmark,Aarhus,Aarhus City Bikes,2 Gen,Aarhus Municipality,March 2004,
Denmark,Denmark,Aarhus,Donkey Republic[86],,,,
Denmark,Denmark,Aarhus,Bycyklen,2 Gen,,May 2007,
Denmark,Denmark,Copenhagen,Bolt[87],,,,
Denmark,Denmark,Copenhagen,Bycyklen,Gobike,,16 August 2013[88],
Denmark,Denmark,Copenhagen,Donkey Republic[86],,,,
Denmark,Denmark,Copenhagen,Dott[20],,,,
Denmark,Denmark,Copenhagen,TIER[25],,,,
Denmark,Denmark,Copenhagen,Bycykler København,2 Gen,,1995,October 2012[89][90][91][a]
Denmark,Denmark,Farsø,,2 Gen,,1991,
Denmark,Denmark,Odense,Donkey Republic[86],,,,
Denmark,Denmark,Various locations,Donkey Republic[86],,,,
Ecuador,Ecuador,Quito,BiciQ,BiciQ,,2012,
Estonia,Estonia,Tallinn,Bolt[93],,,,
Estonia,Estonia,Tartu[94],Bike Share,,Tartu linn,June 2019,
Finland,Finland,Espoo,Kaupunkipyörä,CityBike Finland,HSL,2017,
Finland,Finland,Hamina,Kaakau,Donkey Republic,Kaakau,2019,
Finland,Finland,Helsinki,Helsinki City Bikes,3 Gen. Smoove,Helsinki City Transport (HKL),May 2017[95][96],
Finland,Finland,Helsinki,Helsinki City Bikes,2 Gen.,Helsinki City Transport (HKL),2000,2010[97]
Finland,Finland,Hyvinkää,Kaakau,Donkey Republic,Kaakau,2020,2021[98]
Finland,Finland,Iisalmi,Kaakau,Donkey Republic,Kaakau,2019,
Finland,Finland,Imatra,Kaakau,Donkey Republic,Kaakau,2018,
Finland,Finland,Kotka,Kaakau,Donkey Republic,Kaakau,2018,
Finland,Finland,Kouvola,Kaakau,Donkey Republic,Kaakau,2018,
Finland,Finland,Kuopio,Vilkku-fillarit,Freebike,City of Kuopio,2019,
Finland,Finland,Lahti,Mankeli,Freebike,,2022,
Finland,Finland,Lappeenranta,Kaakau,Donkey Republic,Kaakau,2019,
Finland,Finland,Mikkeli,Kaakau,Donkey Republic,Kaakau,2021,2021[99]
Finland,Finland,Mäntsälä,Mäntsälä-pyörä,Donkey Republic,Kaakau,2019,
Finland,Finland,Oulu,Sykkeli,,Nextbike Polska,2019,2019[100]
Finland,Finland,Pori,Rolanbike Pori,Rolanbike,Rolanbike,2021,
Finland,Finland,Porvoo,Kaakau,Donkey Republic,Kaakau,2020,
Finland,Finland,Raseborg,Kaakau,Donkey Republic,Kaakau,2020,
Finland,Finland,Riihimäki,Kaakau,Donkey Republic,Kaakau,2020,
Finland,Finland,Rauma,Easybike,Easybike,Easybike,2019,
Finland,Finland,Seinäjoki,Easybike,Easybike,Easybike,2020,2021[101]
Finland,Finland,Tampere,Sale-Pyörä,CityBike Global,Nysse,2021,
Finland,Finland,Turku,Föllärit,Donkey Republic[86],Föli,2022,
Finland,Finland,Turku,Föli-Fillarit,Nextbike,Föli,2018,2020[102]
Finland,Finland,Vaasa,Rekola[103],4 Gen.,,2018,Discontinued
Finland,Finland,Vantaa,Kaupunkipyörä,CityBike,HSL,2019,
Finland,Finland,Varkaus,Juro,Juro,Juro Sharing Infra,2021,
France,Auvergne-Rhône-Alpes,Clermont-Ferrand,C.Vélo,3 Gen. Smoove,SMTC,June 2013,
France,Auvergne-Rhône-Alpes,Grenoble,Métrovélo,3 Gen. Smoove,,2006,
France,Auvergne-Rhône-Alpes,Grenoble,Dott[20],,,,
France,Auvergne-Rhône-Alpes,Lyon[104],Vélo'v,3 Gen. Cyclocity,,19 May 2005[105][106],
France,Auvergne-Rhône-Alpes,St. Etienne,Vélivert formerly Vélo Vert,3 Gen. Smoove,,26 June 2010,
France,Auvergne-Rhône-Alpes,"Valence, Drôme[107]",Libélo,3 Gen. Smoove,Transdev,March 2010,
France,Bourgogne-Franche-Comté,Belfort,Optymo,3 Gen. Smoove,,May 2013,
France,Bourgogne-Franche-Comté,Besançon[108],VéloCité,3 Gen. Cyclocity,,September 2007,
France,Bourgogne-Franche-Comté,Chalon-sur-Saône,Réflex,3 Gen. Smoove,Transdev,December 2007,
France,Bourgogne-Franche-Comté,Dijon,Velodi,3 Gen. Clear CC,,February 2008,
France,Brittany,Rennes[109],LE vélo STAR,3 Gen. Clear CC,,June 1998,
France,Brittany,Vannes,Vélocéa,OYBike,,June 2009,
France,Centre-Val de Loire,Orléans,Vélo'+,EFFIA,,June 2007,
France,Grand Est,Mulhouse[110],VéloCité,3 Gen. Cyclocity,,15 September 2007,
France,Grand Est,Nancy[111],VélOstan,3 Gen. Cyclocity,JCDecaux,27 September 2009,
France,Grand Est,Strasbourg,Vélhop,3 Gen. Smoove,,October 2010,
France,Grand Est,Strasbourg + Region,nextbike[17],,,,
France,Hauts-de-France,Amiens[112],Vélam,3 Gen. Cyclocity,,February 2008,
France,Hauts-de-France,Calais,Vel'in,OYBike,,July 2010,
France,Hauts-de-France,Dunkirk,Dk'vélo,Veolia,,2013,
France,Hauts-de-France,Lille,V'Lille,Keolis,,2011,
France,Île-de-France,Cergy-Pontoise[113],VélO2,Cyclocity,JCDecaux,March 2009,
France,Île-de-France,Créteil[114],Cristolib,3 Gen. Cyclocity,JCDecaux,April 2010,
France,Île-de-France,Paris,Vélib'[115],3 Gen. Cyclocity,JCDecaux,15 July 2007,31 December 2017
France,Île-de-France,Paris,Dott[20],,,,
France,Île-de-France,Paris Region,TIER[25],,,,
France,Île-de-France,Grand Paris[116],Vélib' Métropole,3 Gen. Smoove,Smovengo[117],1 January 2018[118],
France,Nouvelle-Aquitaine,Bordeaux,VCUB,Keolis,,February 2010,
France,Normandy,Caen,V'eol,3 Gen. Clear CC,,March 2008,
France,Normandy,Rouen[119],Cy'clic,3 Gen. Cyclocity,,December 2007,
France,Nouvelle-Aquitaine,La Rochelle,Yélo,Homeport,,February 2010,
France,Nouvelle-Aquitaine,La Rochelle,Vélos Jaunes,Zero Generation,,1974,Discontinued
France,Nouvelle-Aquitaine,Pau,IDEcycle,,,,
France,Nouvelle-Aquitaine,Poitiers,Cap'Vélo,,,September 2007,
France,Occitania,Montpellier,Vélomagg',3 Gen. Smoove,,June 2007,
France,Occitania,Perpignan,BIP!,3 Gen. Clear CC,,February 2008,
France,Occitania,Toulouse[120],VélôToulouse,3 Gen. Cyclocity,,16 November 2007,
France,Pays de la Loire,Angers[121],VéloCité,3 Gen. Cyclocity,,2004,
France,Pays de la Loire,Nantes[122],Bicloo,3 Gen. Cyclocity,,May 2008,
France,Provence-Alpes-Côte d'Azur,Avignon[123],Vélopop',3 Gen. Smoove,,July 2009,
France,Provence-Alpes-Côte d'Azur,Marseille[124],Le vélo,3 Gen. Cyclocity,,2007,
France,Provence-Alpes-Côte d'Azur,Nice,Vélo Bleu,OYBike,,July 2009,
Georgia,Georgia,Batumi,BatumVelo[125],3 Gen. SmooveKey[126],Batumi Avtotransporti[127],May 2013,
Germany,Baden-Württemberg,Baden-Baden,nextbike[17],,,,
Germany,Baden-Württemberg,Baden-Baden,Call a Bike,3 & 4 Gen. Call a Bike flex,,2015[128],Discontinued[129]
Germany,Baden-Württemberg,Freiburg im Breisgau,Call a Bike[129],3 & 4 Gen. Call a Bike flex,,2010,
Germany,Baden-Württemberg,Freiburg im Breisgau,nextbike[17],3 Gen. nextbike,,2019,
Germany,Baden-Württemberg,Friedrichshafen,Dott[20],,,,
Germany,Baden-Württemberg,Heidelberg,Call a Bike[129],,,,
Germany,Baden-Württemberg,Heidelberg,nextbike[17],,,,
Germany,Baden-Württemberg,Karlsruhe,nextbike[17],,,,
Germany,Baden-Württemberg,Konstanz,nextbike[17],,,,
Germany,Baden-Württemberg,Mannheim,Call a Bike[129],,,,
Germany,Baden-Württemberg,Mannheim,nextbike[17],,,,
Germany,Baden-Württemberg,Offenburg,nextbike[17],3 Gen. nextbike,,2010,
Germany,Baden-Württemberg,Ortenaukreis,nextbike[17],,,,
Germany,Baden-Württemberg,Region Mittlerer Oberrhein [de],KVV.nextbike[17],nextbike,,,
Germany,Baden-Württemberg,Reutlingen,TIER[25],,,,
Germany,Baden-Württemberg,Stuttgart + Region,Call a Bike[129],4 Gen. Call a Bike fix,,June 2007,
Germany,Baden-Württemberg,Tübingen,TIER[25],,,,
Germany,Baden-Württemberg,Tübingen,nextbike,3 Gen. nextbike,,2009,Discontinued[17]
Germany,Baden-Württemberg,Tuttlingen,Donkey Republic[86],,,,
Germany,Baden-Württemberg,Überlingen,Dott[20],,,,
Germany,Baden-Württemberg,Ulm,TIER[25],,,,
Germany,Bavaria,Aschaffenburg,Call a Bike[129],3 Call a Bike,,,
Germany,Bavaria,Aschaffenburg,nextbike[17],3 Gen.,,,
Germany,Bavaria,Augsburg,Donkey Republic[130],,,,
Germany,Bavaria,Bamberg,Donkey Republic[130],,,,
Germany,Bavaria,Cham,Donkey Republic[86],,,,
Germany,Bavaria,Coburg,nextbike,3 Gen. nextbike,,2009,Discontinued[17]
Germany,Bavaria,Erlangen,VAG_Rad[131],nextbike,,,
Germany,Bavaria,Fürth,VAG_Rad[131],nextbike,,,
Germany,Bavaria,Ingolstadt,Call a Bike[129],,,,
Germany,Bavaria,Landshut,Donkey Republic[86],,,,
Germany,Bavaria,Lindau,TIER[25],,,,
Germany,Bavaria,Munich,Bolt[132],,,,
Germany,Bavaria,Munich,Call a Bike[129],4 Gen. Call a Bike flex,,March 2000,
Germany,Bavaria,Munich,nextbike[17],3 Gen. nextbike,,2011,
Germany,Bavaria,Munich,TIER[25],,,,
Germany,Bavaria,Nuremberg,Lastenrad für alle[133],Bluepingu e.V.,,2017,
Germany,Bavaria,Nuremberg,VAG_Rad[131],3 & 4 Gen. nextbike,,2019,
Germany,Bavaria,Nuremberg,NorisBike,3 Gen. nextbike,,2011,2018
Germany,Bavaria,Regensburg,Donkey Republic[86],,,,
Germany,Bavaria,Regensburg,TIER[25],,,,
Germany,Bavaria,Schwabach,VAG_Rad[17],nextbike,,,
Germany,Bavaria,Straubing,Donkey Republic[86],,,,
Germany,Bavaria,Würzburg,Call a Bike[129],,,,
Germany,Berlin,Berlin,Bolt[134],,,,
Germany,Berlin,Berlin,Call a Bike[129],,,April 2020[135],
Germany,Berlin,Berlin,Donkey Republic[22],4 Gen.,,April 2017,
Germany,Berlin,Berlin,fLotte[136],0. Gen,Freie Lastenräder[137],March 2018,
Germany,Berlin,Berlin,LimeBike[138],4 Gen.,,April 2018,
Germany,Berlin,Berlin,nextbike[17],3 Gen. nextbike,,2009,
Germany,Berlin,Berlin,TIER[25],,,,
Germany,Berlin,Berlin,Call a Bike[139],3 & 4 Gen. Call a Bike flex,,March 2003,2016
Germany,Berlin,Berlin,Call a Bike (LIDL-BIKES)[139],3 & 4 Gen. Call a Bike flex,,March 2017,April 2020[135]
Germany,Berlin,Berlin,Jump Bikes[140],4 Gen.,Jump Bikes,November 2018,Discontinued[141]
Germany,Berlin,Berlin,Mobike[142],4 Gen.,,November 2017,Discontinued[143]
Germany,Berlin,Berlin,Ofo,4 Gen. Ofo,,October 2016,August 2018
Germany,Brandenburg,Potsdam,nextbike[17],3 Gen. nextbike,,2010,
Germany,Brandenburg,Prignitz,Donkey Republic[86],,,,
Germany,Bremen,Bremen,Call a Bike[129],,,,
Germany,Bremen,Bremen,nextbike[17],,,,
Germany,Bremen,Bremen,LimeBike[144],4 Gen.,,March 2018,Discontinued[145]
Germany,Hamburg,Hamburg,Bolt[146],,,,
Germany,Hamburg,Hamburg,LimeBike[145],,,,
Germany,Hamburg,Hamburg,nextbike[17],3 Gen. nextbike,,2008,
Germany,Hamburg,Hamburg,StadtRAD Hamburg[147],3 & 4 Gen. Call a Bike flex,Deutsche Bahn,July 2009,
Germany,Hamburg,Hamburg,TIER[25],,,,
Germany,Hesse,Darmstadt,Bolt[148],,,,
Germany,Hesse,Darmstadt,Call a Bike[129],3 & 4 Gen. Call a Bike flex,,2014,
Germany,Hesse,Dreieich,Byke,4 Gen.,,October 2017[149],2018[150]
Germany,Hesse,Eschborn,Call a Bike[129],,,,
Germany,Hesse,Frankfurt am Main,Bolt[151],,,,
Germany,Hesse,Frankfurt am Main,Call a Bike[129],3 & 4 Gen. Call a Bike flex,,March 2000,
Germany,Hesse,Frankfurt am Main,nextbike[17],3 Gen. nextbike,,2009,
Germany,Hesse,Frankfurt am Main,Byke,4 Gen.,,October 2017[149],2018[150]
Germany,Hesse,Frankfurt am Main,LimeBike[152],4 Gen.,,January 2018,Discontinued[145]
Germany,Hesse,Giessen,nextbike[17],,,,
Germany,Hesse,Hanau,Call a Bike[129],,,,
Germany,Hesse,Hanau,nextbike[17],,,,
Germany,Hesse,Kassel,nextbike[17],,,2018[153],
Germany,Hesse,Kassel,Konrad,,,2011[153],2017[153]
Germany,Hesse,Langen,Byke,4 Gen.,,October 2017[149],2018[150]
Germany,Hesse,Marburg,nextbike[17],,,,
Germany,Hesse,Offenbach,Call a Bike[129],,,,
Germany,Hesse,Rüsselsheim,nextbike[17],,,,
Germany,Hesse,Wiesbaden,Call a Bike[129],,,,
Germany,Hesse,Wiesbaden,nextbike[17],,,,
Germany,Lower Saxony,Achim,nextbike[17],,,,
Germany,Lower Saxony,Göttingen,Call a Bike[129],,,,
Germany,Lower Saxony,Hannover,Call a Bike[129],,,,
Germany,Lower Saxony,Hannover,Donkey Republic[86],,,,
Germany,Lower Saxony,Hannover,nextbike[17],,,,
Germany,Lower Saxony,Hannover,Mobike[154],,,,2020[155]
Germany,Lower Saxony,Hannover,oBike,4 Gen. oBike,,2017,2018[156]
Germany,Lower Saxony,Lüneburg,Call a Bike[129],,,,
Germany,Lower Saxony,Oldenburg,Call a Bike[129],,,,
Germany,Lower Saxony,Oldenburg,nextbike[17],,,,
Germany,Lower Saxony,Winsen (Luhe),nextbike[17],,,,
Germany,Mecklenburg-Vorpommern,Rostock,Call a Bike[129],,,,
Germany,Mecklenburg-Vorpommern,Warnemünde,Call a Bike[129],,,,
Germany,North Rhine-Westphalia,Aachen,Velocity[157],3 Gen.,,27 June 2008,
Germany,North Rhine-Westphalia,Ahrweiler (district),AW-bike[17],nextbike,,,
Germany,North Rhine-Westphalia,Bielefeld,Call a Bike[129],,,,
Germany,North Rhine-Westphalia,Bielefeld,nextbike[17],3 Gen. nextbike,,2009,
Germany,North Rhine-Westphalia,Bochum,metropolradruhr[17],3 Gen. nextbike,,2010,
Germany,North Rhine-Westphalia,Bonn,Call a Bike[129],,,,
Germany,North Rhine-Westphalia,Bonn,nextbike[17],3 & 4 Gen. Call a Bike flex,,October 2018,
Germany,North Rhine-Westphalia,Bottrop,metropolradruhr[17],3 Gen. nextbike,,2010,
Germany,North Rhine-Westphalia,Cologne,Bolt[158],,,,
Germany,North Rhine-Westphalia,Cologne,Call a Bike[129],3 & 4 Gen. Call a Bike flex,,March 2000,
Germany,North Rhine-Westphalia,Cologne,nextbike[17],,,,
Germany,North Rhine-Westphalia,Cologne,TIER[25],,,,
Germany,North Rhine-Westphalia,Cologne,Mobike,,,,Discontinued[159]
Germany,North Rhine-Westphalia,Dortmund,metropolradruhr[17],3 Gen. nextbike,,July 2008,
Germany,North Rhine-Westphalia,Duisburg,metropolradruhr[17],3 Gen. nextbike,,September 2010,
Germany,North Rhine-Westphalia,Düsseldorf[160],Bolt[161],,,,
Germany,North Rhine-Westphalia,Düsseldorf[160],LimeBike[145],,,,
Germany,North Rhine-Westphalia,Düsseldorf[160],nextbike[17],3 Gen. nextbike,,2008,
Germany,North Rhine-Westphalia,Düsseldorf[160],Velocity[162],,,,
Germany,North Rhine-Westphalia,Düsseldorf[160],TIER[25],,,,
Germany,North Rhine-Westphalia,Düsseldorf[160],Call a Bike branded FordPass Bike[163],3 Gen. Call a Bike,,October 2017,Discontinued
Germany,North Rhine-Westphalia,Düsseldorf[160],Flexbeee[164],4 Gen.,,July 2018,Discontinued
Germany,North Rhine-Westphalia,Düsseldorf[160],Mobike[165],4 Gen.,,30 May 2018,Discontinued[143]
Germany,North Rhine-Westphalia,Essen,metropolradruhr[17],3 Gen. nextbike,,2010,
Germany,North Rhine-Westphalia,Euskirchen (district),Eifel e-Bike[166],nextbike,,,
Germany,North Rhine-Westphalia,Gelsenkirchen,metropolradruhr[17],3 Gen. nextbike,,2010,
Germany,North Rhine-Westphalia,Gütersloh,Call a Bike[129],,,,
Germany,North Rhine-Westphalia,Gütersloh,nextbike[17],,,,
Germany,North Rhine-Westphalia,Hamm,metropolradruhr[17],3 Gen. nextbike,,2010,
Germany,North Rhine-Westphalia,Heinsberg (district),westBike[167],nextbike,,,
Germany,North Rhine-Westphalia,Herne,metropolradruhr[17],3 Gen. nextbike,,2010,
Germany,North Rhine-Westphalia,Leverkusen,nextbike[17],,,,
Germany,North Rhine-Westphalia,Lippstadt,nextbike[17],,,,
Germany,North Rhine-Westphalia,Lünen,metropolradruhr[17],nextbike,,,
Germany,North Rhine-Westphalia,Mönchengladbach,nextbike[17],,,,
Germany,North Rhine-Westphalia,Mülheim,metropolradruhr[17],3 Gen. nextbike,,2010,
Germany,North Rhine-Westphalia,Münster,Bolt[168],,,,
Germany,North Rhine-Westphalia,Münster,tretty[169],,,August 2020,
Germany,North Rhine-Westphalia,Ochtrup,Donkey Republic[86],,,,
Germany,North Rhine-Westphalia,Oberhausen,Call a Bike[129],,,,
Germany,North Rhine-Westphalia,Oberhausen,metropolradruhr[17],3 Gen. nextbike,,2010,
Germany,North Rhine-Westphalia,Rheinisch-Bergischer Kreis,Bergisches E-Bike[170],nextbike,,,
Germany,North Rhine-Westphalia,Rhein-Erft-Kreis,REVG mobic[171],nextbike,,,
Germany,North Rhine-Westphalia,Rhein-Sieg-Kreis (west of the Rhine),RVK[172],nextbike,,,
Germany,North Rhine-Westphalia,Rhein-Sieg-Kreis (east of the Rhine),RSVG[172],nextbike,,,
Germany,North Rhine-Westphalia,Siegerland,Velocity Siegerland,Velocity,,,Discontinued[162]
Germany,North Rhine-Westphalia,Witten,metropolradruhr[17],nextbike,,,
Germany,Rhineland-Palatinate,Kaiserslautern,Call a Bike[129],,,,
Germany,Rhineland-Palatinate,Kaiserslautern,nextbike[17],,,,
Germany,Rhineland-Palatinate,Ludwigshafen,nextbike[17],,,,
Germany,Rhineland-Palatinate,Mainz,Call a Bike[129],,,,
Germany,Rhineland-Palatinate,Mainz,de:MeinRad[173],,,July 2011,
Germany,Rhine-Neckar Metropolitan Region,Rhine-Neckar Metropolitan Region,VRNnextbike[17],nextbike,,,
Germany,Saarland,Saarbrücken,Call a Bike[129],,,,
Germany,Saarland,Saarbrücken,TIER[25],,,,
Germany,Saxony,Dresden,MOBI[131],nextbike,,,
Germany,Saxony,Dresden,nextbike[17],3 Gen. nextbike,DVB[174],2005,2017
Germany,Saxony,Dresden,SZ-Bike[175],nextbike,,2017,Discontinued
Germany,Saxony,Leipzig,nextbike[176],3 Gen. nextbike,,2008,
Germany,Saxony,Schkeuditz,nextbike[17],,,,
Germany,Saxony,Taucha,nextbike[17],,,,
Germany,Saxony-Anhalt,Halle (Saale),Call a Bike[129],,,,
Germany,Saxony-Anhalt,Halle (Saale),nextbike[17],,,,
Germany,Saxony-Anhalt,Magdeburg,Call a Bike[129],,,,
Germany,Saxony-Anhalt,Magdeburg,nextbike,3 Gen. nextbike,,2008,2018[177]
Germany,Schleswig-Holstein,Flensburg,nextbike,3 Gen. nextbike,,2009,Discontinued[17]
Germany,Schleswig-Holstein,Kiel + Region,Donkey Republic[86],,,,
Germany,Schleswig-Holstein,Lübeck,Call a Bike[129],,,,
Germany,Schleswig-Holstein,Norderstedt,nextbike[17],,,,
Germany,Schleswig-Holstein,Pinneberg,TIER[25],,,,
Germany,Schleswig-Holstein,Schlei Region,Donkey Republic[86],,,,
Germany,Thuringia,Erfurt,nextbike[17],3 Gen. nextbike,,2009,May 2023[178]
Germany,Thuringia,Weimar,Call a Bike[129],,,,
Greece,Greece,Aigialeia[179],Cyclopolis,3 Gen.,,2013,
Greece,Greece,Aktio-Vonitsa[179][180],Cyclopolis,3 Gen.,,2013,
Greece,Greece,Ancient Olympia[179][181],Cyclopolis,3 Gen.,,2013,
Greece,Greece,Corfu[182],EasyBike[183],3 Gen. Smoove[184][185][186][182],,November 2010,
Greece,Greece,Didymóteicho[179][187],EasyBike,3 Gen. Smoove,,May 2013,
Greece,Greece,East Mani[179][180],EasyBike,3 Gen. Smoove,,2013,
Greece,Greece,Ioannina[188],EasyBike,3 Gen. Smoove,,September 2012,
Greece,Greece,Iraklio[189],EasyBike,3 Gen. Smoove,,April 2010[190],
Greece,Greece,Karditsa[191],EasyBike,3 Gen. Smoove,,March 2013,
Greece,Greece,Kavala[179][192],EasyBike,3 Gen. Smoove,,2013,
Greece,Greece,Keratsini-Drapetsóna[179][193],EasyBike,3 Gen. Smoove,,November 2012,
Greece,Greece,Komotini[179][194],EasyBike,3 Gen. Smoove,,2013,
Greece,Greece,Marathónas[180],Cyclopolis,3 Gen.,,2013,
Greece,Greece,Maroussi[179][195],Cyclopolis,3 Gen.,,February 2013,
Greece,Greece,Moscháto-Távros[196],Cyclopolis,3 Gen.,,January 2013,
Greece,Greece,Náfplion[179][197],Cyclopolis,3 Gen.,,June 2013,
Greece,Greece,Naupactus[179][198],EasyBike,3 Gen. Smoove,,January 2013,
Greece,Greece,Municipality of Nafpaktos[199]municipality bike rental,,0 Gen.,,June 2010,
Greece,Greece,Nea Erithréa[199]municipality bike rental,,0 Gen.,,2010,
Greece,Greece,Nea Smyrni[180],Cyclopolis,3 Gen.,,2013,
Greece,Greece,Salonica[200],Aristotle University of Thessaloniki Bike,0 Gen.,,May 2012,
Greece,Greece,Sikyona[179][180],Cyclopolis,3 Gen.,,2013,
Hungary,Hungary,Budapest,MOL BuBi,3 Gen.,,April 2014[201],
Hungary,Hungary,Esztergom,EBI,,,20 September 2013[202],
Hungary,Hungary,Győr,GyőrBike,,,7 September 2015,
Hungary,Hungary,Kaposvár,Kapsvári Tekergő[203],,,27 October 2015,
Hungary,Hungary,Szeged,CityBike Szeged[204],CityBike Szeged,,1 October 2013[205],
India,India,Bengaluru,Namma Cycle,,,2013,
India,India,Mumbai,"FreMo, Cycle Chalao",,,2012,
India,India,Mysuru,"Embarq, India",,,2009,
India,India,New Delhi,Greenolution,,,2007,
Indonesia,Indonesia,Bandung[206],Boseh [id],Banopolis,,July 2017,
Indonesia,Indonesia,Jakarta,Bike2Work[207],,,2004,
Indonesia,Indonesia,Jakarta,Gowes[208],,,2018,Discontinued[209]
Iran,Iran,Shiraz,Bdood,4 Gen. Bdood,,31 December 2019,
Iran,Iran,Tehran,Bdood,4 Gen. Bdood,,18 December 2018,
Ireland,Ireland,Cork,Coca-Cola Zero Bikes,,NTA & An Rothar Nua,18 December 2014,
Ireland,Ireland,Dublin[210][211],Dublinbikes,Cyclocity,JCDecaux,September 2009,
Ireland,Ireland,Dublin Region,TIER[25],,,,
Ireland,Ireland,Dún Laoghaire,Bolt[212],,,,
Ireland,Ireland,Galway,Coca-Cola Zero Bikes,,NTA & An Rothar Nua,24 November 2014,
Ireland,Ireland,Kilkenny,Bolt[213],,,,
Ireland,Ireland,Limerick,Coca-Cola Zero Bikes,,NTA & An Rothar Nua,8 December 2014,
Ireland,Ireland,Limerick,nextbike[17],,,,
Ireland,Ireland,Navan,nextbike[17],,,,
Ireland,Ireland,Sligo,Bolt[214],,,,
Ireland,Ireland,Waterford[215],TFI Bikes,,NTA & An Rothar Nua,4 July 2022,
Ireland,Ireland,Wexford,Bolt[216],,,,
Israel,Israel,Tel Aviv[217],Dott[20],,,,
Israel,Israel,Tel Aviv[217],Tel-O-Fun,,,April 2016,
Italy,Italy,Alpignano,ToBike,,,,
Italy,Italy,Bergamo,nextbike[17],,,,
Italy,Italy,Bologna,RideMovi[218],,,,
Italy,Italy,Brescia,Bicimia,,,,
Italy,Italy,Carugate[219],Meglio in Bici,,,5 May 2012,
Italy,Italy,Cernusco sul Naviglio[219],Meglio in Bici,,,5 May 2012,
Italy,Italy,Collegno,ToBike,,,,
Italy,Italy,Druento,ToBike,,,,
Italy,Italy,Ferrara,Dott[20],,,,
Italy,Italy,Florence,RideMovi[218],,,,
Italy,Italy,Florence,Ofo,,,2017[220],Discontinued
Italy,Italy,Gorizia,nextbike[17],,,,
Italy,Italy,Grugliasco,ToBike,,,,
Italy,Italy,Milan,BikeMi[221],3 Gen. Clear CC,,8 December 2008[222],
Italy,Italy,Milan,RideMovi[218],,,,
Italy,Italy,Milan,Mobike,4 Gen.,,30 August 2017,Discontinued
Italy,Italy,Milan,Bitride Sharing,Zehus,,1 March 2018,31 December 2018
Italy,Italy,Milan,Ofo,4 Gen. Ofo,,20 September 2017,Discontinued
Italy,Italy,Mondolfo,nextbike[17],,,,
Italy,Italy,Padua,GoodBike Padova,,,,
Italy,Italy,Padua,Mobike,,,,Discontinued
Italy,Italy,Padua,RideMovi[218],,,,
Italy,Italy,Pioltello[219],Meglio in Bici,,,5 May 2012,
Italy,Italy,Pisa[219],Ciclopi,,,May 2013,
Italy,Italy,Rimini[223],Rimini in Bici,,,,
Italy,Italy,Senigiallia,nextbike[17],,,,
Italy,Italy,Rome,Dott[20],,,,
Italy,Italy,Rome,Roma'n'Bike,,,,
Italy,Italy,Turin,Dott[20],,,,
Italy,Italy,Turin,RideMovi[224],,,,
Italy,Italy,Turin,ToBike,,,4 March 2011,
Italy,Italy,Varese,Dott[20],,,,
Italy,Italy,Various locations,RideMovi[218],,,,
Italy,Italy,Venaria Reale,ToBike,,,,
Italy,Italy,Venice (Mestre),RideMovi[224],,,,
Japan,Japan,Kyoto[225],Community Cycle,,,,
Japan,Japan,"Toyama, Toyama[226]",Cyclocity Toyama,Cyclocity,JCDecaux,22 March 2010,
Japan,Japan,Yokohama,Baybike,,,April 2011,
Kazakhstan,Kazakhstan,Almaty,Almatybike[227],3 Gen. Smoove[228],,June 2016,
Kazakhstan,Kazakhstan,Astana,Astanabike[229],3 Gen. Smoove[230],,July 2014,
Kazakhstan,Kazakhstan,Shymkent,Shymkentbike[231],3 Gen. Smoove[232],,July 2016,
Latvia,Latvia,"Riga, Jurmala",BalticBike,,,,
Latvia,Latvia,Riga,nextbike[17],,,,
Lithuania,Lithuania,Vilnius[233],CycloCity,3 Gen. Cyclocity,JCDecaux,2013,
Lithuania,Lithuania,Kaunas[234],CityBee,,CityBee,2016,
Lithuania,Lithuania,Kaunas[234],Bolt,,Bolt,2022,
Luxembourg,Luxembourg,Luxembourg City[235],Vel'oh,3 Gen. Cyclocity,,March 2008,
Malaysia,Malaysia,George Town,LinkBike,Fast Rent Bike (PG),,December 2016,
Mexico,Mexico,Guadalajara,MIBICI,PBSC,,2014,
Mexico,Mexico,Mexico City[236],Ecobici,3 Gen. Clear CC,,2010,
Mexico,Mexico,Playa del Carmen,BiciPlaya,"App, QR Code Scanning, Creditcard/NFC Cards",Promotora de Reordenamiento Urbano S.A. de C.V.,15 September 2019,
Mexico,Mexico,Toluca (inactive[237]),,PBSC,,,NA
Netherlands,Netherlands,Amsterdam,WhiteBikes,WhiteBikes,Provo,1965,1966
Netherlands,Netherlands,Amsterdam,Donkey Republic[86],,,,
Netherlands,Netherlands,Delft,Mobike,4 Gen.,,2018/2019,
Netherlands,Netherlands,Eindhoven,TIER[25],,,,
Netherlands,Netherlands,Eindhoven,Dott[20],,,,
Netherlands,Netherlands,Enschede,Bolt[238],,,,
Netherlands,Netherlands,Groningen,Bolt[239],,,,
Netherlands,Netherlands,Hengelo,Bolt[240],,,,
Netherlands,Netherlands,Limburg (province),Velocity[241],,,,
Netherlands,Netherlands,Nijmegen,Bolt[242],,,,
Netherlands,Netherlands,Rotterdam,Donkey Republic[86],,,,
Netherlands,Netherlands,Rotterdam,Mobike,4 Gen.,,2018/2019,
Netherlands,Netherlands,The Hague,Donkey Republic[86],,,,
Netherlands,Netherlands,The Hague,Mobike,4 Gen.,,2018/2019,
Netherlands,Netherlands,Utrecht,Dott[20],,,,
Netherlands,Netherlands,Utrecht,TIER[25],,,,
Netherlands,Netherlands,Various locations (especially railway stations),OV-fiets,OV-Fiets/Nederlandse Spoorwegen,,2003,
Netherlands,Netherlands,Various locations,Bikedispenser,,,2005,
Netherlands,Netherlands,Various locations,Donkey Republic[86],,,,
Norway,Norway,Drammen,Drammen City Bikes,3 Gen. Clear CC,,2001,
Norway,Norway,Oslo,Bolt[243],,,,
Norway,Norway,Oslo,Oslo Bysykkel,3 Gen. Clear CC,,2003,
Norway,Norway,Sandnes,,3 Gen. Clear CC,,2002,
Norway,Norway,Sandnes,,WhiteBikes,volunteers and city council,1996,2002
Norway,Norway,Trondheim,Trondheim City Bikes,Bycykler,,1998,2005
Norway,Norway,Trondheim,Trondheim City Bikes,3 Gen. Clear CC,,2005,
Poland,Poland,Białystok,BiKeR,3 Gen. nextbike,,31 May 2014,
Poland,Poland,Gdańsk-Gdynia-Sopot (Tricity) Metropolitan Area,Mevo,,NB Tricity (nextbike),26 March 2019,29 October 2019
Poland,Poland,Gdańsk-Gdynia-Sopot (Tricity) Metropolitan Area,Mevo,,CityBike Global,13 September 2023 (testing)16 November 2023 (full operation),
Poland,Poland,Grodzisk Mazowiecki,Grodziski Rower Miejski,3 Gen. nextbike,,27 September 2014,
Poland,Poland,Juchnowiec Kościelny[244],Rower Gminny,3 Gen. nextbike,,July 2015,
Poland,Poland,"Metropolis GZM[245](Katowice, Gliwice, Chorzów, Sosnowiec, Dąbrowa Górnicza and 35 other gminas of the area)",Metrorower,4 Gen. nextbike,Nextbike,25 February 2024,
Poland,Poland,Konstancin,Konstanciński Rower Miejski,3 Gen. nextbike,,14 June 2014,
Poland,Poland,Kraków,LajkBike,,,September 2023,
Poland,Poland,Łódź,Łódzki Rower Publiczny,3 Gen. nextbike,,30 April 2016,
Poland,Poland,Lublin,Lubelski Rower Miejski,3 Gen. nextbike,,19 September 2014,
Poland,Poland,Opole,Opole Bike,3 Gen. nextbike,,15 June 2012,
Poland,Poland,Poznań[246],Poznański Rower Miejski,3 Gen. nextbike,,April 2012,
Poland,Poland,Rzeszów,RoweRes,,,2010,
Poland,Poland,Sopot[246],Rower Trójmiejski,3 Gen. nextbike,,5 September 2013,
Poland,Poland,Szczecin[247],Bike S,3 Gen. nextbike,,2015,
Poland,Poland,Toruń,Toruński Rower Miejski (Torvelo),,,April 2014,
Poland,Poland,Warsaw,Bemowo Bike,3 Gen. nextbike,,1 April 2012,
Poland,Poland,Warsaw,Veturilo,3 Gen. nextbike,,1 August 2012,
Poland,Poland,Wrocław[248],Wrocławski Rower Miejski,3 Gen. nextbike,,June 2011,
Portugal,Portugal,Águeda[249][250],beÁgueda,3 Gen.,,2011,
Portugal,Portugal,Alcochete[250],#Alcochete,3 Gen.,,2021,
Portugal,Portugal,Alenquer[250],Alenequer Green Lab,3 Gen.,,2020,
Portugal,Portugal,Alijó[250],,3 Gen.,,2022,
Portugal,Portugal,Alvito[250],,3 Gen.,,2022,
Portugal,Portugal,Anadia[251],b→AND,3 Gen.,,2014,
Portugal,Portugal,Aveiro[252][253][250],,3 Gen.,,2000,
Portugal,Portugal,Benavente[254][255],baGO,3 Gen.,,2024,
Portugal,Portugal,Bragança[250],,1 Gen.,,2015,
Portugal,Portugal,Cascais[256][257],MobiCascais biCas,1 Gen.,,2016,
Portugal,Portugal,Caldas da Raínha[250],Rainhas,3 Gen.,,2021,
Portugal,Portugal,Coruche[258],Campinas,3 Gen.,,2025,
Portugal,Portugal,Covilhã[250],,3 Gen.,,2022,
Portugal,Portugal,Entroncamento[259],BUE,3 Gen.,,2023,
Portugal,Portugal,Faro,RideMovi[224],,,,
Portugal,Portugal,Figueira da Foz[260],Figas,3 Gen.,,2020,
Portugal,Portugal,Graciosa[250],,3 Gen.,,2021,
Portugal,Portugal,Lisbon,Bolt[261],,,,
Portugal,Portugal,Lisbon,GIRA[262][263],3 Gen.,,2017,
Portugal,Portugal,Lousada[250],Conernélias,3 Gen.,,2022,
Portugal,Portugal,Mealhada[250],BipeBipe,3 Gen.,,2021,
Portugal,Portugal,Mesão Frio[250][264],MesãoBike,1 Gen.,,2022,
Portugal,Portugal,Oliveira de Azeméis[265],,2 Gen.,,2021,
Portugal,Portugal,Pombal[250][266],POMBike,3 Gen.,,2022,
Portugal,Portugal,Santo Tirso[250][267],Pedala,3 Gen.,,2019,
Portugal,Portugal,Seia[250][268],Ginga,3 Gen.,,2020,
Portugal,Portugal,Torres Vedras[269][270],Agostinhas,3 Gen.,,5 June 2013,
Portugal,Portugal,"Valença, Monção, Vila Nova de Cerveira, Salvaterra do Minho, Tomiño[250]",e-Bike Rio Minho,3 Gen.,,2022,
Portugal,Portugal,Various locations,nextbike[17],,,,
Portugal,Portugal,Vila do Conde[271],biConde,3 Gen.,,5 June 2014,
Portugal,Portugal,Vilamoura[272],Vilamoura Public Bikes,3 Gen.,,15 July 2012,
Qatar,Qatar,Doha,Dott[20],,,,
Romania,Romania,Alba Iulia,nextbike[17],,,,
Romania,Romania,Bucharest[273],Cicloteque,Proprietary,,31 July 2008,
Romania,Romania,Buzău,nextbike[17],,,,
Romania,Romania,Câmpia Turzii,nextbike[17],,,,
Romania,Romania,Drobeta,nextbike[17],,,,
Romania,Romania,Focsani,nextbike[17],,,,
Romania,Romania,Slatina,nextbike[17],,,,
Romania,Romania,Topoloveni,nextbike[17],,,,
Russia,Russia,Almetyevsk,Gobike,,,September 2017[274],
Russia,Russia,Kazan,Veli'k,3 Gen. Cyclocity,Russ Outdoor[275],1 July 2013,2019[276]
Russia,Russia,Moscow,Velobike,Smoove (2014–2025)[277],CityBike,1 June 2013,
Russia,Russia,Saint Petersburg,Velogorod,,,July 2014,2020[278]
Russia,Russia,Saint Petersburg,SmartBike,4 Gen.,,May 2020[279],
Russia,Russia,Various locations,Whoosh,4 Gen.,,2021[280],
Russia,Russia,Various locations,MTS Urent,4 Gen.,,2018[281],
Rwanda,Rwanda,Kigali,Guraride,,Guraride,9 September 2021[282][283],NA
Saudi Arabia,Saudi Arabia,"Riyadh, Andorra Village",TIER[25],,,,
Saudi Arabia,Saudi Arabia,Riyadh,Dott[20],,,,
Serbia,Serbia,Novi Sad,NS Bike,Parking Servis,,2011,
Slovakia,Slovakia,Bratislava,Whitebikes,Open Source Bike Share,,May 2014,
Slovakia,Slovakia,Bratislava,Slovnaft BAjk,,Slovnaft,7 September 2018[284],
Slovakia,Slovakia,Bratislava,Verejný bicykel,,Antik Telecom,1 June 2020[285],2024
Slovakia,Slovakia,Bratislava,Rekola[70],4 Gen.,Rekola,7 September 2020[286],
Slovakia,Slovakia,Humenné,Verejný bicykel,,Antik Telecom,22 June 2021[287],
Slovakia,Slovakia,Košice,Verejný bicykel,,Antik Telecom,24 April 2019[288],
Slovakia,Slovakia,Krásno nad Kysucou,Verejný bicykel,,Antik Telecom,26 May 2021[289],
Slovakia,Slovakia,Kysucké Nové Mesto,Verejný bicykel,,Antik Telecom,26 May 2021[289],
Slovakia,Slovakia,Moldava nad Bodvou,Verejný bicykel,,Antik Telecom,25 July 2019[290],2024
Slovakia,Slovakia,Nitra,ARRIVA Bike,nextbike,Arriva,28 July 2017[291],
Slovakia,Slovakia,"Poprad, Spišská Teplica",Verejný bicykel,,Antik Telecom,8 August 2019[292]14 May 2021[293],26 February 2024[294]
Slovakia,Slovakia,Považská Bystrica,Verejný bicykel,,Antik Telecom,17 June 2022[295],
Slovakia,Slovakia,Prešov,Verejný bicykel,,Antik Telecom,6 July 2021[296],2025
Slovakia,Slovakia,Sabinov,Verejný bicykel,,Antik Telecom,28 July 2021[297],
Slovakia,Slovakia,Sečovce,Verejný bicykel,,Antik Telecom,30 June 2023[298],
Slovakia,Slovakia,Senec,nextbike[17],,,,
Slovakia,Slovakia,Senica,nextbike[17],,,,
Slovakia,Slovakia,Snina,Verejný bicykel,,Antik Telecom,28 June 2021[287],
Slovakia,Slovakia,Svidník,Verejný bicykel,,Antik Telecom,8 June 2021[299],
Slovakia,Slovakia,Svit,Verejný bicykel,,Antik Telecom,14 May 2021[293],
Slovakia,Slovakia,Terchová,Verejný horský e-bicykel,,Antik Telecom,28 April 2023[300],
Slovakia,Slovakia,Trebišov,Verejný bicykel,,Antik Telecom,17 July 2019[301],
Slovakia,Slovakia,Trnava,Arboria bike,,City of Trnava,1 March 2019[302],
Slovakia,Slovakia,Veľký Šariš,Verejný bicykel,,Antik Telecom,24 June 2020[303],
Slovakia,Slovakia,Vranov nad Topľou,Verejný bicykel,,Antik Telecom,15 June 2022[304],2024
Slovakia,Slovakia,Žilina,BikeKIA,nextbike,Arriva,29 March 2019[305],
Slovakia,Slovakia,Žilina,nextbike[17],,,,
Slovenia,Slovenia,Celje[306],KolesCE,,Nomago,13 September 2018,
Slovenia,Slovenia,Kamnik,,,,,
Slovenia,Slovenia,Kranj[307],KRsKOLESOM,,Mestna občina Kranj,,
Slovenia,Slovenia,Ljubljana[308],Bicike(lj),Cyclocity,JCDecaux,12 May 2011,
Slovenia,Slovenia,Ljubljana[308],nextbike[17],,,,
Slovenia,Slovenia,Novo Mesto,goNM[309],,,,
Slovenia,Slovenia,Murska Sobota,Soboški biciklin[310],,,,
Slovenia,Slovenia,Rogaška Slatina and Podčetrtek,,,,,
Slovenia,Slovenia,Velenje,BICY,MICikel,,18 September 2012,
Slovenia,Slovenia,Various locations,nextbike[17],,,,
South Africa,South Africa,"Orania, Northern Cape[311]",Orania Openbare Fietsprojek,,,16 July 2014,
South Korea,South Korea,Changwon[312][313],NUBIJA,,,October 2008,
South Korea,South Korea,Daejeon,Tashu,Tashu,"Daejeon Metropolitan Government, Daejeon Metropolitan City Facilities Management Corporation",13 October 2008,
South Korea,South Korea,Sejong,Eouling,Eouling & New Eouling,Sejong City Transportation Corporation,28 October 2014,
South Korea,South Korea,Seoul[314],Ddareungi,,,15 October 2015,
Spain,Spain,A Coruña,Bicicoruña,,,,
Spain,Spain,Arteixo,nextbike[17],,,,
Spain,Spain,Barcelona,Bicing,3 Gen. Clear CC,,22 March 2007,
Spain,Spain,Barcelona,Bolt[315],,,,
Spain,Spain,Barcelona,Donkey Republic[22],,,,
Spain,Spain,Barcelona,RideMovi[224],,,,
Spain,Spain,Province of Barcelona,Ambici,nextbike[17],,,
Spain,Spain,Bilbao,nextbike[17],,,,
Spain,Spain,Biscay,nextbike[17],,,,
Spain,Spain,Canary Islands,nextbike[17],,,,
Spain,Spain,Córdoba[316],Eco-bici,3 Gen. Cyclocity,JCDecaux,2003,
Spain,Spain,Costa Adeje Region,Dott[20],,,,
Spain,Spain,Elche (Elx),bicielx,,,14 June 2010,
Spain,Spain,Estepona,Dott[20],,,,
Spain,Spain,Gijón,Gijon bici,,,2003 (relaunched in 2023),
Spain,Spain,Girona[317][318],Girocleta,,,25 September 2009,
Spain,Spain,Ibiza,nextbike[17],,,,
Spain,Spain,Ibiza,Dott[20],,,,
Spain,Spain,Las Palmas de Gran Canaria,nextbike[17],,,,
Spain,Spain,León,nextbike[17],,,,
Spain,Spain,Logroño,nextbike[17],,,,
Spain,Spain,Madrid[319],BiciMAD,,,May 2014,
Spain,Spain,"Málaga, Andalucía",MálagaBici[320],Cemusa,,2013,November 2021[321]
Spain,Spain,"Málaga, Andalucía",Dott[20],,,,
Spain,Spain,Mislata,nextbike[17],,,,
Spain,Spain,"Murcia, Region of Murcia",Muybici[322],,,,
Spain,Spain,Ontinyent,nextbike[17],,,,
Spain,Spain,Palma,Bicipalma,nextbike[17],,28 March 2011,
Spain,Spain,Pamplona,n'bici,,,July 2007,
Spain,Spain,Santander[323][324],nextbike[17],,,,
Spain,Spain,Santander[323][324],Tusbic,3 Gen. Cyclocity,,September 2008,
Spain,Spain,Santa Cruz de Tenerife,Dott[20],,,,
Spain,Spain,Tarragona,Dott[20],,,,
Spain,Spain,Seville[325],Sevici,3 Gen. Cyclocity,,April 2007,
Spain,Spain,Torrent,nextbike[17],,,,
Spain,Spain,Urdaibai,nextbike[17],,,,
Spain,Spain,Valencia[326],Valenbisi,3 Gen. Cyclocity,JCDecaux,22 June 2010,
Spain,Spain,Valladolid,Biki,,,,
Spain,Spain,Zaragoza,Bizi,3 Gen. Clear CC,,28 May 2008,
Sweden,Sweden,Gothenburg,Bolt[327],,,,
Sweden,Sweden,Gothenburg,nextbike[17],,,,
Sweden,Sweden,Gothenburg,Styr & Ställ[328],3 Gen. Cyclocity,JCDecaux,10 August 2010,
Sweden,Sweden,Lund,Lundahoj,3 Gen. Cyclocity,JCDecaux,20 August 2014,
Sweden,Sweden,Malmö,Bolt[329],,,,
Sweden,Sweden,Malmö,Malmö By Bike,3 Gen. Clear CC,,14 May 2016,
Sweden,Sweden,Stockholm,RideMovi[224],,,,
Sweden,Sweden,Stockholm,Stockholm City Bikes,3 Gen. Clear CC,,April 2006,
Sweden,Sweden,Various locations,Donkey Republic[130],,,,
Switzerland,Switzerland,"Aigle, Monthey",PubliBike,PubliBike,,2010,
Switzerland,Switzerland,Bern,PubliBike,PubliBike,,2011,
Switzerland,Switzerland,Chur,MOOINZ,nextbike[17],,,
Switzerland,Switzerland,Freiburg,PubliBike,PubliBike,,2010,
Switzerland,Switzerland,Geneva,Donkey Republic[22],,,,
Switzerland,Switzerland,Lausanne,PubliBike,PubliBike,,April 2013,
Switzerland,Switzerland,Lausanne,velopass,,,June 2009,April 2013
Switzerland,Switzerland,Lugano,PubliBike,PubliBike,,2010,
Switzerland,Switzerland,Luzern,nextbike,3 Gen. nextbike,,2008,
Switzerland,Switzerland,"Nyon, Gland",PubliBike,PubliBike,,2011,
Switzerland,Switzerland,Schaffhausen,TIER[25],,,,
Switzerland,Switzerland,Sion,PubliBike,PubliBike,,2010,
Switzerland,Switzerland,St. Gallen,TIER[25],,,,
Switzerland,Switzerland,Uzwil,TIER[25],,,,
Switzerland,Switzerland,Various locations,nextbike Switzerland[17],,,,
Switzerland,Switzerland,Various locations,Donkey Republic[22],,,,
Switzerland,Switzerland,Vevey,PubliBike,PubliBike,,2009,
Switzerland,Switzerland,Winterthur,TIER[25],,,,
Taiwan,Taiwan,Changhua,YouBike,1.0,,22 May 2014,30 June 2021
Taiwan,Taiwan,Changhua,MOOVO,,,30 June 2021,
Taiwan,Taiwan,Kaohsiung,City Bike,,,1 March 2009,25 June 2020
Taiwan,Taiwan,Kaohsiung,YouBike,2.0,,1 July 2020,
Taiwan,Taiwan,Kaohsiung,YouBike,2.0E,,16 November 2022,
Taiwan,Taiwan,Taipei[330][331],YouBike,1.0,,11 March 2009,3 November 2022
Taiwan,Taiwan,Taipei[330][331],YouBike,2.0,,15 January 2020,
Taiwan,Taiwan,Taipei[330][331],YouBike,2.0E,,30 August 2024,
Taiwan,Taiwan,New Taipei City,NewBike,,,31 October 2008,April 2015
Taiwan,Taiwan,New Taipei City,YouBike,1.0,,1 January 2014,6 August 2024
Taiwan,Taiwan,New Taipei City,YouBike,2.0,,20 October 2021,
Taiwan,Taiwan,New Taipei City,YouBike,2.0E,,30 August 2024,
Taiwan,Taiwan,Taoyuan,YouBike,1.0,,4 February 2016,31 August 2024
Taiwan,Taiwan,Taoyuan,YouBike,2.0,,22 December 2023,
Taiwan,Taiwan,Taoyuan,YouBike,2.0E,,1 February 2024,
Taiwan,Taiwan,Hsinchu County,YouBike,2.0,,27 June 2022,
Taiwan,Taiwan,Hsinchu County,YouBike,2.0E,,7 February 2024,
Taiwan,Taiwan,Hsinchu,YouBike,1.0,,26 May 2016,1 June 2023
Taiwan,Taiwan,Hsinchu,YouBike,2.0,,12 July 2022,
Taiwan,Taiwan,Hsinchu Science Park,YouBike,1.0,,30 August 2017,1 June 2023
Taiwan,Taiwan,Hsinchu Science Park,YouBike,2.0,,12 July 2022,
Taiwan,Taiwan,Hsinchu Science Park,YouBike,2.0E,,8 January 2023,
Taiwan,Taiwan,Miaoli,YouBike,1.0,,26 June 2018,
Taiwan,Taiwan,Miaoli,YouBike,2.0,,13 March 2024,
Taiwan,Taiwan,Miaoli,YouBike,2.0E,,13 March 2024,
Taiwan,Taiwan,Taichung,YouBike,1.0 (iBike),,18 July 2014,28 June 2023
Taiwan,Taiwan,Taichung,YouBike,2.0,,18 December 2020,
Taiwan,Taiwan,Taichung,YouBike,2.0E,,21 June 2022,
Taiwan,Taiwan,Chiayi,Chia e-bike,,,3 February 2016,8 April 2019
Taiwan,Taiwan,Chiayi,YouBike,2.0,,15 December 2020,
Taiwan,Taiwan,Chiayi,YouBike,2.0E,,1 December 2021,
Taiwan,Taiwan,Chiayi County,Youbike,2.0,,3 July 2024,
Taiwan,Taiwan,Chiayi County,Youbike,2.0E,,3 July 2024,
Taiwan,Taiwan,Tainan,T-Bike,,,8 August 2016,28 February 2023
Taiwan,Taiwan,Tainan,YouBike,2.0,,23 February 2023,
Taiwan,Taiwan,Tainan,YouBike,2.0E,,21 April 2023,
Taiwan,Taiwan,Pingtung City,Pbike,,,4 December 2014,28 February 2023
Taiwan,Taiwan,Pingtung City,YouBike,2.0,,1 February 2023,
Taiwan,Taiwan,Pingtung City,YouBike,2.0E,,24 April 2023,
Taiwan,Taiwan,Yunlin County,MOOVO,,,3 August 2023,
Taiwan,Taiwan,Kinmen,K Bike,,,16 April 2017,31 December 2023
Taiwan,Taiwan,Taitung City,YouBike,2.0,,End of 2024,
Taiwan,Taiwan,Taitung City,YouBike,2.0E,,End of 2024,
Thailand,Thailand,Bangkok,KU Mobike,Mobike,,2017,
Thailand,Thailand,Bangkok,CU Bike,Smoove,,2012[332],
Thailand,Thailand,Bangkok,Pun Pun Bike Share,,,2012[333][334],
Thailand,Thailand,Bangkok,oBike,4 Gen. oBike,,July 2017,Discontinued
Thailand,Thailand,Chiang Mai,Mobike,Mobike,,2018,Discontinued
Turkey,Turkey,Istanbul,İsbike,,,2012,
Turkey,Turkey,İzmir,Bisim,,,January 2014,
Turkey,Turkey,Karşıyaka,Karbis,3 Gen. nextbike,,January 2014,
Turkey,Turkey,Konya,nextbike,3 Gen. nextbike,,,
Ukraine,Ukraine,Kyiv,nextbike,3 Gen. nextbike,nextbike Kyiv LLC,15 August 2018[335],Discontinued
Ukraine,Ukraine,Lviv,nextbike,3 Gen. nextbike,nextbike Ukraine LLC,31 March 2016[336],Discontinued
United Arab Emirates,United Arab Emirates,Abu Dhabi[337],ADCB Bikeshare,8D,Cyacle,December 2014,
United Arab Emirates,United Arab Emirates,"Dubai, Dubai Hills Mall",TIER[25],,,,
United Arab Emirates,United Arab Emirates,"Dubai, Expo 2020 District",TIER[25],,,,
United Arab Emirates,United Arab Emirates,Ras Al-Khaimah,TIER[25],,,,
United Arab Emirates,United Arab Emirates,"Sharjah, American University of Sharjah",TIER[25],,,,
United Kingdom,England,Basildon,Dott[20],,,,
United Kingdom,England,Bath,Dott[20],,,,
United Kingdom,England,Bath,TIER[25],,,,
United Kingdom,England,Barton-upon-Humber,Factory Bikes,WhiteBikes,Elswick Hopper,19??,19??
United Kingdom,England,Blackpool[338],Hire-a-Bike,Hourbike,,2009,
United Kingdom,England,Braintree,Dott[20],,,,
United Kingdom,England,Bristol,Dott[20],,,,
United Kingdom,England,Bristol,TIER[25],,,,
United Kingdom,England,Bristol,YoBike,YoBike,,May 2017,
United Kingdom,England,Cambridge,GreenBike,WhiteBikes,,1993,1995
United Kingdom,England,Chelmsford,Dott[20],,,,
United Kingdom,England,Colchester,Dott[20],,,,
United Kingdom,England,Colchester,TIER[25],,,,
United Kingdom,England,Derby,Lime,,,,
United Kingdom,England,Greater Manchester,GM Cycle Hire,,Beryl,November 2021[339],
United Kingdom,England,Liverpool,City Bike,,,May 2014,July 2022[340]
United Kingdom,England,London[341][342],Santander Cycles (formerly Barclays Cycle Hire),PBSC & 8D,Serco,30 July 2010,
United Kingdom,England,London[341][342],TIER[25],,,,
United Kingdom,England,Leicester,Santander Cycles Leicester,,RideOn,14 April 2021[343],2023[344]
United Kingdom,England,Milton Keynes,Santander Cycles MK,3 Gen. nextbike,CycleSaviours,17 June 2016,
United Kingdom,England,Milton Keynes,TIER[25],,,,
United Kingdom,England,Milton Keynes,Dott[20],,,,
United Kingdom,England,Newcastle,ScratchBikes(known as WhipBikes until 2011),ScratchBikes,,2010,
United Kingdom,England,Nottingham,Ucycle,Sustrans & Evans Cycles,,2010,
United Kingdom,England,Portsmouth,Bikeabout,Public Velo,University of Portsmouth,1996,1998
United Kingdom,England,Slough,Smoove,3 Gen. Smoove,,November 2013,
United Kingdom,England,Southampton,YoBike,YoBike,,September 2017,
United Kingdom,Northern Ireland,Belfast,Belfast Bikes,3 Gen. nextbike,NSL,27 April 2015,
United Kingdom,Scotland,Dundee,Embark Dundee,,RideOn,,
United Kingdom,Scotland,Edinburgh,Just Eat Cycles,Urban Sharing,Serco,24 June 2018,
United Kingdom,Scotland,Glasgow,Mass Automated Cycle Hire (MACH),3 Gen. nextbike,,24 June 2014,
United Kingdom,Wales,Cardiff,Nextbike,3 Gen. nextbike,,March 2018,December 2023
United States,Alaska,Fairbanks,Fairbikes,A2B Bikeshare,,24 September 2015,
United States,Arizona,Phoenix,Grid Bike Share,3 Gen. CycleHop and Social Bicycles,,25 November 2014,
United States,Arkansas,Bentonville,Bentonville BCycle[345],,,,
United States,California,Encinitas,Encinitas BCycle[345],,,,
United States,California,Fullerton,OCTA BikeShare,Bike Nation,,6 January 2014,
United States,California,Los Angeles,Metro Bike Share[346],3 Gen. B-Cycle,,7 July 2016,
United States,California,Redding,Redding Bikeshare[347],,,,
United States,California,San Diego,DecoBike[348],DecoBike,JCDecaux,February 2015,
United States,California,San Francisco Bay Area,Bay Wheels,8D,Motivate,June 2017,
United States,California,Santa Barbara,Santa Barbara BCycle[349],,,,
United States,California,Santa Cruz,Santa Cruz BCycle[350],,,,
United States,California,Santa Monica,Breeze Bike Share[351],3 Gen. CycleHop and Social Bicycles,,13 August 2015,
United States,California,Truckee,Truckee BCycle[352],,,,
United States,Colorado,Aspen,WE-cycle,PBSC,,June 2013,
United States,Colorado,Boulder,Boulder B-Cycle[353][354],3 Gen. B-Cycle,,2011,
United States,Colorado,Denver,Denver B-cycle[355],3 Gen. B-Cycle,,2010,January 2020
United States,Colorado,Meridian,M-Bike,Zagster,,15 March 2010,
United States,Georgia,Atlanta,Relay Bike Share,,,May 2016,
United States,Georgia,Savannah,CAT Bike[356],3 Gen. B-Cycle,,24 January 2014,
United States,Hawaii,Honolulu,Biki[357],,,,
United States,Hawaii,Kailua,Hawaii B-cycle[358][359],3 Gen. B-Cycle,,2011,Discontinued
United States,Hawaii,Kona District,,PBSC,,2016,
United States,Idaho,Boise,Boise Bike Share[360],Social Bicycle,,16 April 2015,September 2020[361][362]
United States,Illinois,Chicago,Divvy[363][364],PBSC & 8D,Motivate,2013,
United States,Indiana,Indianapolis,Indiana Pacers Bikeshare[365],B-Cycle,Indianapolis Cultural Trail,22 April 2014,
United States,Iowa,Des Moines,Des Moines B-cycle[366][367],3 Gen. B-Cycle,,2010,
United States,Florida,Aventura,Aventura BCycle[368],,,,
United States,Florida,"Fort Lauderdale, Broward County",Broward B-Cycle,3 Gen. B-Cycle,,2011,
United States,Florida,Miami Beach,Decobike[369],SandVault,,2011,
United States,Florida,Tampa,Coast Bike Share[370],3 Gen. CycleHop and Social Bicycles,,7 December 2014,
United States,Massachusetts,Boston,Bluebikes[371],PBSC & 8D,Motivate,2011,
United States,Massachusetts,Springfield and Pioneer Valley,ValleyBike Share,,Begwegen Technologies[372],28 June 2018[373],
United States,Michigan,Ann Arbor,ArborBike[374],3 Gen. B-Cycle,,2014,Discontinued[375]
United States,Michigan,Battle Creek,Battle Creek BCycle[376],3 Gen. B-Cycle,,19 August 2013,Discontinued
United States,Michigan,Lansing,Capital Community Bikeshare,A2B Bikeshare,,2014,
United States,Minnesota,Minneapolis–Saint Paul,Nice Ride Minnesota[377][378],PBSC & 8D,,2010,13 November 2022[379]
United States,Minnesota,St. Paul,Yellow Bike Project,1 Gen. w/ BikeCard,volunteers and city council,1997,
United States,Missouri,Jackson County,Jackson County BCycle[380],,,,
United States,Missouri,Kansas City,Kansas City B-cycle[381],3 Gen. B-Cycle,,2012,Discontinued
United States,Nebraska,Lincoln,BikeLNK[382],3 Gen. B-Cycle,,2018,
United States,Nebraska,"Omaha / Council Bluffs, Iowa",Heartland Bike Share[383],3 Gen. B-Cycle,,2011,
United States,Nebraska,Valentine,Valentine Bike Share[345],BCycle,,,
United States,Nevada,Black Rock City,Yellow Bikes[384],Yellow Bikes,,,
United States,Nevada,Las Vegas,RTC Bike Share[385],B-Cycle,,,
United States,New Jersey,Hoboken,Hudson Bike Share[386],3 Gen. nextbike,,September 2015,
United States,New Jersey,Jersey City,Citi Bike[387],8D,Motivate,September 2015,
United States,New York,New York City,Citi Bike[388][389][390][391][392],PBSC & 8D,Motivate,27 May 2013,
United States,North Carolina,Charlotte,Charlotte B-Cycle[393],3 Gen. B-Cycle,,2012,
United States,North Dakota,Bismarck,BisParks BCycle[394],,,,
United States,North Dakota,Fargo,GreatRides[395][396],3 Gen. B-Cycle,,15 March 2010,Discontinued
United States,Ohio,Cincinnati,Red Bike[397][398],3 Gen. B-Cycle,,15 September 2014,
United States,Ohio,Columbus,CoGo,PBSC & 8D,Motivate,July 2013,28 February 2025[399]
United States,Oklahoma,Oklahoma City,Spokies[400],Spokies,,2012,
United States,Oregon,Eugene,PeaceHealth Rides[401],PeaceHealth Rides,,2018,
United States,Oregon,Portland,Biketown,,,19 July 2016,
United States,Oregon,Portland,Yellow Bike Project,1 Gen. WhiteBikes,Yellow Bike Project,1994[402],1997[403]
United States,Pennsylvania,Philadelphia,Indego[404][405],3 Gen. B-Cycle (incl. some e-bikes,,23 April 2015,
United States,Pennsylvania,Pittsburgh,POGOH,PBSC,,2022,
United States,South Carolina,Columbia,BlueBikeSC,,Bbewege,September 2018,
United States,South Carolina,Greenville,Greenville BCycle[406],,,,
United States,South Carolina,Spartanburg,Spartanburg B-Cycle[407],3 Gen. B-Cycle,,2011,Discontinued
United States,Tennessee,Chattanooga,Bike Chattanooga Bicycle Transit System[408],PBSC,,2012,
United States,Tennessee,Clarksville,Clarksville BCycle[409],,,,
United States,Tennessee,Memphis,Explore Bike Share[410],,,,
United States,Tennessee,Nashville,Nashville BCycle[411],,,,
United States,Texas,Austin,CapMetro[412],3 Gen. B-Cycle,,December 2013[413],
United States,Texas,Austin,Yellow Bike Project,WhiteBikes,Austin YBP and city council,January 1997,
United States,Texas,El Paso,El Paso BCycle[414],3 Gen. B-Cycle,,14 September 2015,
United States,Texas,Fort Worth,Fort Worth B-Cycle[415],3 Gen. B-Cycle,,22 April 2013,
United States,Texas,Houston,Houston Bcycle[416][417],3 Gen. B-Cycle,,2012,30 June 2024
United States,Texas,San Antonio,San Antonio B-Cycle[418],3 Gen. B-Cycle,,2011,
United States,Texas,Weslaco,RGV B-cycle[419],,,,
United States,Utah,Salt Lake City,GREENbike[420][421],3 Gen. B-Cycle,,2013,
United States,Washington,Seattle,Pronto Cycle Share[422],8D,Motivate,13 October 2014,31 March 2017
United States,Washington metropolitan area[423],Washington metropolitan area[423],Capital Bikeshare,PBSC & 8D,Motivate,2010,
United States,Wisconsin,Madison,Madison B-Cycle[424],3 Gen. B-Cycle,,2011,
United States,Wisconsin,Milwaukee,Bublr Bikes[425][426],3 Gen. B-Cycle,,2014,
Uzbekistan,Uzbekistan,Tashkent,Q.watt[427],4 Gen.,,2024,
