"city","weather","visibility","temp","temp_min","temp_max","pressure","humidity","wind_speed","wind_deg","forecast_datetime","season"
"Seoul","Clouds",10000,27.57,26.95,27.57,1009,75,1.06,245,"2026-07-30 15:00:00","Autumn"
"Seoul","Clouds",10000,26.74,26.17,26.74,1009,82,0.87,221,"2026-07-30 18:00:00","Autumn"
"Seoul","Clear",10000,25.7,25.7,25.7,1009,90,1.06,217,"2026-07-30 21:00:00","Autumn"
"Seoul","Clear",10000,29.05,29.05,29.05,1009,69,1.86,250,"2026-07-31 00:00:00","Autumn"
"Seoul","Clear",10000,32.14,32.14,32.14,1008,52,3.72,261,"2026-07-31 03:00:00","Autumn"
"Seoul","Clear",10000,32.85,32.85,32.85,1006,52,4.47,260,"2026-07-31 06:00:00","Autumn"
"Seoul","Clear",10000,30.75,30.75,30.75,1006,65,4.71,249,"2026-07-31 09:00:00","Autumn"
"Seoul","Clouds",10000,28.5,28.5,28.5,1007,80,2.63,248,"2026-07-31 12:00:00","Autumn"
"Seoul","Clouds",10000,27.59,27.59,27.59,1007,86,1.5,218,"2026-07-31 15:00:00","Autumn"
"Seoul","Clouds",10000,27.01,27.01,27.01,1008,90,1.44,220,"2026-07-31 18:00:00","Autumn"
"Seoul","Clouds",10000,26.35,26.35,26.35,1008,92,1.43,192,"2026-07-31 21:00:00","Autumn"
"Seoul","Clouds",10000,29.51,29.51,29.51,1009,72,2.28,244,"2026-08-01 00:00:00","Autumn"
"Seoul","Rain",10000,32.53,32.53,32.53,1008,54,4.05,260,"2026-08-01 03:00:00","Autumn"
"Seoul","Clouds",10000,32.85,32.85,32.85,1006,54,4.87,265,"2026-08-01 06:00:00","Autumn"
"Seoul","Clear",10000,30.8,30.8,30.8,1007,63,4.55,266,"2026-08-01 09:00:00","Autumn"
"Seoul","Clear",10000,28.26,28.26,28.26,1008,74,2.17,265,"2026-08-01 12:00:00","Autumn"
"Seoul","Clouds",10000,27.21,27.21,27.21,1009,79,1.19,246,"2026-08-01 15:00:00","Autumn"
"Seoul","Clear",10000,26.3,26.3,26.3,1008,83,0.99,230,"2026-08-01 18:00:00","Autumn"
"Seoul","Clear",10000,25.8,25.8,25.8,1010,85,0.38,263,"2026-08-01 21:00:00","Autumn"
"Seoul","Clear",10000,29.89,29.89,29.89,1010,64,0.7,283,"2026-08-02 00:00:00","Autumn"
"Seoul","Clear",10000,34.34,34.34,34.34,1009,47,2.1,295,"2026-08-02 03:00:00","Autumn"
"Seoul","Clear",10000,34.94,34.94,34.94,1008,47,5.02,282,"2026-08-02 06:00:00","Autumn"
"Seoul","Clear",10000,32.61,32.61,32.61,1008,54,4.05,281,"2026-08-02 09:00:00","Autumn"
"Seoul","Clear",10000,29.39,29.39,29.39,1009,64,1.58,282,"2026-08-02 12:00:00","Autumn"
"Seoul","Clouds",10000,28.45,28.45,28.45,1009,68,0.97,299,"2026-08-02 15:00:00","Autumn"
"Seoul","Clouds",10000,27.52,27.52,27.52,1009,72,0.89,326,"2026-08-02 18:00:00","Autumn"
"Seoul","Clear",10000,26.9,26.9,26.9,1010,78,0.46,44,"2026-08-02 21:00:00","Autumn"
"Seoul","Clear",10000,31.01,31.01,31.01,1010,65,0.51,27,"2026-08-03 00:00:00","Autumn"
"Seoul","Clear",10000,36.21,36.21,36.21,1010,46,0.46,359,"2026-08-03 03:00:00","Autumn"
"Seoul","Clear",10000,38.02,38.02,38.02,1008,37,2.36,282,"2026-08-03 06:00:00","Autumn"
"Seoul","Clear",10000,35.3,35.3,35.3,1008,50,4.11,286,"2026-08-03 09:00:00","Autumn"
"Seoul","Clear",10000,32.6,32.6,32.6,1009,62,2.62,317,"2026-08-03 12:00:00","Autumn"
"Seoul","Clear",10000,31.1,31.1,31.1,1009,69,1.3,353,"2026-08-03 15:00:00","Autumn"
"Seoul","Clear",10000,29.84,29.84,29.84,1009,73,1.04,83,"2026-08-03 18:00:00","Autumn"
"Seoul","Clear",10000,28.53,28.53,28.53,1010,77,0.9,84,"2026-08-03 21:00:00","Autumn"
"Seoul","Clear",10000,31.8,31.8,31.8,1010,62,1.16,85,"2026-08-04 00:00:00","Autumn"
"Seoul","Clouds",10000,35.96,35.96,35.96,1009,48,0.84,36,"2026-08-04 03:00:00","Autumn"
"Seoul","Clouds",10000,38.68,38.68,38.68,1007,36,1.78,292,"2026-08-04 06:00:00","Autumn"
"Seoul","Clouds",10000,35.55,35.55,35.55,1006,46,3.29,301,"2026-08-04 09:00:00","Autumn"
"Seoul","Clouds",10000,33.25,33.25,33.25,1007,56,2.41,330,"2026-08-04 12:00:00","Autumn"
"Washington","Clear",10000,15.8,15.8,16.09,1014,60,2,343,"2026-07-30 15:00:00","Autumn"
"Washington","Clear",10000,21.59,21.59,24.55,1013,41,2.07,52,"2026-07-30 18:00:00","Autumn"
"Washington","Clear",10000,29.97,29.97,29.97,1011,12,1.2,47,"2026-07-30 21:00:00","Autumn"
"Washington","Clear",10000,29.73,29.73,29.73,1010,14,2.46,327,"2026-07-31 00:00:00","Autumn"
"Washington","Clear",10000,24.52,24.52,24.52,1013,29,2.6,322,"2026-07-31 03:00:00","Autumn"
"Washington","Clear",10000,20.56,20.56,20.56,1017,46,3.01,282,"2026-07-31 06:00:00","Autumn"
"Washington","Clouds",10000,18.33,18.33,18.33,1017,46,2.73,291,"2026-07-31 09:00:00","Autumn"
"Washington","Clear",10000,17.5,17.5,17.5,1018,47,2.26,294,"2026-07-31 12:00:00","Autumn"
"Washington","Clear",10000,22.04,22.04,22.04,1019,34,1.65,354,"2026-07-31 15:00:00","Autumn"
"Washington","Clear",10000,28.19,28.19,28.19,1017,20,1.61,80,"2026-07-31 18:00:00","Autumn"
"Washington","Clear",10000,33.1,33.1,33.1,1014,15,2.35,92,"2026-07-31 21:00:00","Autumn"
"Washington","Clear",10000,33.48,33.48,33.48,1011,13,3.78,93,"2026-08-01 00:00:00","Autumn"
"Washington","Clear",10000,28.69,28.69,28.69,1010,24,1.54,319,"2026-08-01 03:00:00","Autumn"
"Washington","Clear",10000,24.62,24.62,24.62,1013,48,2.71,282,"2026-08-01 06:00:00","Autumn"
"Washington","Clear",10000,19.02,19.02,19.02,1013,54,2.39,286,"2026-08-01 09:00:00","Autumn"
"Washington","Clear",10000,17.53,17.53,17.53,1013,53,2.53,291,"2026-08-01 12:00:00","Autumn"
"Washington","Clouds",10000,24.47,24.47,24.47,1012,35,2.22,305,"2026-08-01 15:00:00","Autumn"
"Washington","Clouds",10000,31.4,31.4,31.4,1010,22,2.62,329,"2026-08-01 18:00:00","Autumn"
"Washington","Clear",10000,31.78,31.78,31.78,1009,20,5.54,271,"2026-08-01 21:00:00","Autumn"
"Washington","Clear",10000,25.32,25.32,25.32,1012,35,5.3,277,"2026-08-02 00:00:00","Autumn"
"Washington","Clear",10000,19.38,19.38,19.38,1014,43,3.5,287,"2026-08-02 03:00:00","Autumn"
"Washington","Clear",10000,11.27,11.27,11.27,1018,78,2.99,269,"2026-08-02 06:00:00","Autumn"
"Washington","Clear",10000,10.32,10.32,10.32,1019,82,2.6,263,"2026-08-02 09:00:00","Autumn"
"Washington","Clear",10000,9.64,9.64,9.64,1019,82,2.74,276,"2026-08-02 12:00:00","Autumn"
"Washington","Clear",10000,16.28,16.28,16.28,1018,52,1.78,324,"2026-08-02 15:00:00","Autumn"
"Washington","Clear",10000,22.7,22.7,22.7,1016,29,2.73,19,"2026-08-02 18:00:00","Autumn"
"Washington","Clear",10000,27.42,27.42,27.42,1013,18,3.38,18,"2026-08-02 21:00:00","Autumn"
"Washington","Clear",10000,26.46,26.46,26.46,1012,20,4.47,344,"2026-08-03 00:00:00","Autumn"
"Washington","Clear",10000,20.01,20.01,20.01,1014,35,3.21,324,"2026-08-03 03:00:00","Autumn"
"Washington","Clear",10000,11.55,11.55,11.55,1017,57,3.12,288,"2026-08-03 06:00:00","Autumn"
"Washington","Clear",10000,9.73,9.73,9.73,1019,59,2.66,289,"2026-08-03 09:00:00","Autumn"
"Washington","Clear",10000,9.47,9.47,9.47,1019,60,2.27,288,"2026-08-03 12:00:00","Autumn"
"Washington","Clear",10000,16.64,16.64,16.64,1019,41,2.07,341,"2026-08-03 15:00:00","Autumn"
"Washington","Clear",10000,24.8,24.8,24.8,1018,28,1.55,72,"2026-08-03 18:00:00","Autumn"
"Washington","Clear",10000,28.31,28.31,28.31,1016,18,3.06,103,"2026-08-03 21:00:00","Autumn"
"Washington","Clear",10000,30.05,30.05,30.05,1015,17,2.97,98,"2026-08-04 00:00:00","Autumn"
"Washington","Clear",10000,24.46,24.46,24.46,1016,26,2.05,125,"2026-08-04 03:00:00","Autumn"
"Washington","Clear",10000,17.25,17.25,17.25,1019,39,2.07,269,"2026-08-04 06:00:00","Autumn"
"Washington","Clear",10000,15.22,15.22,15.22,1020,47,2.18,285,"2026-08-04 09:00:00","Autumn"
"Washington","Clear",10000,14.12,14.12,14.12,1020,51,1.92,284,"2026-08-04 12:00:00","Autumn"
"Paris","Clouds",10000,28.53,28.53,30.82,1017,52,3.75,225,"2026-07-30 15:00:00","Autumn"
"Paris","Clouds",10000,30.47,30.47,32.01,1015,38,3.23,249,"2026-07-30 18:00:00","Autumn"
"Paris","Clouds",10000,24.9,24.9,24.9,1016,44,4.77,358,"2026-07-30 21:00:00","Autumn"
"Paris","Clouds",10000,22.52,22.52,22.52,1016,53,3.17,6,"2026-07-31 00:00:00","Autumn"
"Paris","Clouds",10000,19.38,19.38,19.38,1016,62,2.24,346,"2026-07-31 03:00:00","Autumn"
"Paris","Clouds",10000,18.12,18.12,18.12,1016,63,2.57,337,"2026-07-31 06:00:00","Autumn"
"Paris","Clouds",10000,24.23,24.23,24.23,1017,44,2.08,310,"2026-07-31 09:00:00","Autumn"
"Paris","Clouds",10000,29.56,29.56,29.56,1016,34,1.9,295,"2026-07-31 12:00:00","Autumn"
"Paris","Clouds",10000,32.05,32.05,32.05,1014,25,1.64,273,"2026-07-31 15:00:00","Autumn"
"Paris","Clouds",10000,29.18,29.18,29.18,1014,24,5.69,317,"2026-07-31 18:00:00","Autumn"
"Paris","Clouds",10000,22.81,22.81,22.81,1018,50,4.87,351,"2026-07-31 21:00:00","Autumn"
"Paris","Clouds",10000,19.71,19.71,19.71,1018,53,3.72,351,"2026-08-01 00:00:00","Autumn"
"Paris","Clouds",10000,17.49,17.49,17.49,1018,54,2.53,344,"2026-08-01 03:00:00","Autumn"
"Paris","Clouds",10000,18.08,18.08,18.08,1018,54,2.47,348,"2026-08-01 06:00:00","Autumn"
"Paris","Clear",10000,23.79,23.79,23.79,1019,33,2.46,324,"2026-08-01 09:00:00","Autumn"
"Paris","Clear",10000,28.41,28.41,28.41,1018,17,2,314,"2026-08-01 12:00:00","Autumn"
"Paris","Clouds",10000,30.23,30.23,30.23,1017,13,1.74,308,"2026-08-01 15:00:00","Autumn"
"Paris","Clouds",10000,28.08,28.08,28.08,1017,19,4.8,336,"2026-08-01 18:00:00","Autumn"
"Paris","Clouds",10000,22.87,22.87,22.87,1018,25,4.44,4,"2026-08-01 21:00:00","Autumn"
"Paris","Clouds",10000,20.26,20.26,20.26,1018,41,3.64,18,"2026-08-02 00:00:00","Autumn"
"Paris","Clouds",10000,18.72,18.72,18.72,1016,45,2.87,20,"2026-08-02 03:00:00","Autumn"
"Paris","Clouds",10000,18.48,18.48,18.48,1016,46,2.44,23,"2026-08-02 06:00:00","Autumn"
"Paris","Clear",10000,25.37,25.37,25.37,1015,28,2.1,4,"2026-08-02 09:00:00","Autumn"
"Paris","Clear",10000,31.4,31.4,31.4,1013,16,1.57,9,"2026-08-02 12:00:00","Autumn"
"Paris","Clouds",10000,33.53,33.53,33.53,1012,12,1.82,279,"2026-08-02 15:00:00","Autumn"
"Paris","Clouds",10000,32.35,32.35,32.35,1010,12,1.6,279,"2026-08-02 18:00:00","Autumn"
"Paris","Clouds",10000,28.31,28.31,28.31,1011,15,2.39,328,"2026-08-02 21:00:00","Autumn"
"Paris","Clouds",10000,24.75,24.75,24.75,1010,29,2.56,15,"2026-08-03 00:00:00","Autumn"
"Paris","Clouds",10000,23.33,23.33,23.33,1009,32,1.56,37,"2026-08-03 03:00:00","Autumn"
"Paris","Clouds",10000,23.89,23.89,23.89,1009,31,1.27,60,"2026-08-03 06:00:00","Autumn"
"Paris","Clouds",10000,30.43,30.43,30.43,1009,20,1.2,98,"2026-08-03 09:00:00","Autumn"
"Paris","Clouds",10000,34.61,34.61,34.61,1009,19,4.56,207,"2026-08-03 12:00:00","Autumn"
"Paris","Clouds",10000,31.87,31.87,31.87,1008,27,5.07,208,"2026-08-03 15:00:00","Autumn"
"Paris","Clouds",10000,29.98,29.98,29.98,1008,33,3.64,241,"2026-08-03 18:00:00","Autumn"
"Paris","Rain",10000,27.03,27.03,27.03,1009,48,3.71,170,"2026-08-03 21:00:00","Autumn"
"Paris","Clouds",10000,23.94,23.94,23.94,1010,61,5.13,152,"2026-08-04 00:00:00","Autumn"
"Paris","Clouds",10000,22.34,22.34,22.34,1010,55,4.36,203,"2026-08-04 03:00:00","Autumn"
"Paris","Clouds",10000,21.52,21.52,21.52,1011,45,4.12,233,"2026-08-04 06:00:00","Autumn"
"Paris","Clouds",10000,26.87,26.87,26.87,1011,36,3.4,238,"2026-08-04 09:00:00","Autumn"
"Paris","Clouds",10000,32.6,32.6,32.6,1011,25,3.63,266,"2026-08-04 12:00:00","Autumn"
"Suzhou","Clear",10000,29.94,28.39,29.94,1008,66,2.47,149,"2026-07-30 15:00:00","Autumn"
"Suzhou","Clear",10000,28.47,27.35,28.47,1008,72,1.59,141,"2026-07-30 18:00:00","Autumn"
"Suzhou","Clear",10000,26.75,26.75,26.75,1008,76,1.21,110,"2026-07-30 21:00:00","Autumn"
"Suzhou","Clear",10000,31.52,31.52,31.52,1009,59,2.32,131,"2026-07-31 00:00:00","Autumn"
"Suzhou","Clear",10000,35.6,35.6,35.6,1008,45,2.21,168,"2026-07-31 03:00:00","Autumn"
"Suzhou","Clear",10000,37.16,37.16,37.16,1006,41,2.1,222,"2026-07-31 06:00:00","Autumn"
"Suzhou","Clouds",10000,34.97,34.97,34.97,1005,48,1.86,16,"2026-07-31 09:00:00","Autumn"
"Suzhou","Clouds",10000,29.37,29.37,29.37,1006,64,3.42,135,"2026-07-31 12:00:00","Autumn"
"Suzhou","Rain",10000,27.23,27.23,27.23,1008,80,2.87,188,"2026-07-31 15:00:00","Autumn"
"Suzhou","Clear",10000,26.95,26.95,26.95,1007,77,1.17,92,"2026-07-31 18:00:00","Autumn"
"Suzhou","Clear",10000,26.02,26.02,26.02,1007,82,1.12,157,"2026-07-31 21:00:00","Autumn"
"Suzhou","Clear",10000,29.97,29.97,29.97,1008,63,1.88,183,"2026-08-01 00:00:00","Autumn"
"Suzhou","Clear",10000,34.65,34.65,34.65,1007,49,2.04,220,"2026-08-01 03:00:00","Autumn"
"Suzhou","Clear",10000,36.18,36.18,36.18,1006,43,2.63,251,"2026-08-01 06:00:00","Autumn"
"Suzhou","Clouds",10000,34.93,34.93,34.93,1005,46,0.64,225,"2026-08-01 09:00:00","Autumn"
"Suzhou","Rain",10000,29.04,29.04,29.04,1007,72,3.11,216,"2026-08-01 12:00:00","Autumn"
"Suzhou","Rain",10000,27.21,27.21,27.21,1008,82,0.87,253,"2026-08-01 15:00:00","Autumn"
"Suzhou","Clear",10000,26.49,26.49,26.49,1007,78,1.55,173,"2026-08-01 18:00:00","Autumn"
"Suzhou","Clear",10000,25.6,25.6,25.6,1007,74,1.21,153,"2026-08-01 21:00:00","Autumn"
"Suzhou","Clear",10000,30.06,30.06,30.06,1009,57,1.68,178,"2026-08-02 00:00:00","Autumn"
"Suzhou","Clouds",10000,35.16,35.16,35.16,1008,42,1.56,214,"2026-08-02 03:00:00","Autumn"
"Suzhou","Clouds",10000,35.81,35.81,35.81,1007,43,2.15,229,"2026-08-02 06:00:00","Autumn"
"Suzhou","Clouds",10000,34.54,34.54,34.54,1006,51,2.02,246,"2026-08-02 09:00:00","Autumn"
"Suzhou","Clouds",10000,30.88,30.88,30.88,1007,63,2.1,132,"2026-08-02 12:00:00","Autumn"
"Suzhou","Clouds",10000,28.79,28.79,28.79,1008,68,2.15,133,"2026-08-02 15:00:00","Autumn"
"Suzhou","Clouds",10000,28.35,28.35,28.35,1007,73,1.79,114,"2026-08-02 18:00:00","Autumn"
"Suzhou","Clouds",10000,27.78,27.78,27.78,1007,75,1.73,93,"2026-08-02 21:00:00","Autumn"
"Suzhou","Clouds",10000,31.83,31.83,31.83,1008,55,2.72,98,"2026-08-03 00:00:00","Autumn"
"Suzhou","Clouds",10000,36.47,36.47,36.47,1008,39,2.28,121,"2026-08-03 03:00:00","Autumn"
"Suzhou","Clouds",10000,37.1,37.1,37.1,1006,40,0.9,64,"2026-08-03 06:00:00","Autumn"
"Suzhou","Clouds",10000,34.85,34.85,34.85,1006,49,3.21,85,"2026-08-03 09:00:00","Autumn"
"Suzhou","Clouds",10000,29.14,29.14,29.14,1008,64,2.33,127,"2026-08-03 12:00:00","Autumn"
"Suzhou","Clouds",10000,27.63,27.63,27.63,1008,69,3.48,112,"2026-08-03 15:00:00","Autumn"
"Suzhou","Clouds",10000,26.13,26.13,26.13,1007,82,3.02,108,"2026-08-03 18:00:00","Autumn"
"Suzhou","Clear",10000,25.22,25.22,25.22,1007,91,2.33,98,"2026-08-03 21:00:00","Autumn"
"Suzhou","Clear",10000,29.63,29.63,29.63,1008,65,3.53,107,"2026-08-04 00:00:00","Autumn"
"Suzhou","Clear",10000,34.78,34.78,34.78,1007,39,3.8,113,"2026-08-04 03:00:00","Autumn"
"Suzhou","Clear",10000,36.7,36.7,36.7,1005,38,2.05,100,"2026-08-04 06:00:00","Autumn"
"Suzhou","Clouds",10000,34.23,34.23,34.23,1004,49,2.77,107,"2026-08-04 09:00:00","Autumn"
"Suzhou","Clouds",10000,29.54,29.54,29.54,1006,67,4.12,73,"2026-08-04 12:00:00","Autumn"
